Store_id,Store_Type,Location_Type,Region_Code,Date,Holiday,Discount,Order,Sales
1,S1,L3,R1,2018-01-01,1,Yes,9,7011.839999999999
1,S1,L3,R1,2018-01-02,0,Yes,60,42369.0
1,S1,L3,R1,2018-01-03,0,Yes,72,50037.0
1,S1,L3,R1,2018-01-04,0,Yes,64,44397.0
1,S1,L3,R1,2018-01-05,0,Yes,63,47604.0
1,S1,L3,R1,2018-01-06,0,No,36,24495.0
1,S1,L3,R1,2018-01-07,0,No,55,36855.0
1,S1,L3,R1,2018-01-08,0,No,52,34101.0
1,S1,L3,R1,2018-01-09,0,No,65,42429.0
1,S1,L3,R1,2018-01-10,0,No,53,33510.0
1,S1,L3,R1,2018-01-11,0,No,56,36873.0
1,S1,L3,R1,2018-01-12,0,No,35,25644.0
1,S1,L3,R1,2018-01-13,0,Yes,57,40890.0
1,S1,L3,R1,2018-01-14,1,Yes,56,39254.4
1,S1,L3,R1,2018-01-15,0,Yes,78,51993.0
1,S1,L3,R1,2018-01-16,0,Yes,64,37716.0
1,S1,L3,R1,2018-01-17,0,Yes,68,41232.0
1,S1,L3,R1,2018-01-18,0,No,31,17361.0
1,S1,L3,R1,2018-01-19,0,No,53,29322.0
1,S1,L3,R1,2018-01-20,0,No,58,31971.0
1,S1,L3,R1,2018-01-21,0,No,80,44625.0
1,S1,L3,R1,2018-01-22,1,No,68,44178.75
1,S1,L3,R1,2018-01-23,0,No,52,28086.0
1,S1,L3,R1,2018-01-24,0,No,114,47835.0
1,S1,L3,R1,2018-01-25,0,Yes,102,45384.0
1,S1,L3,R1,2018-01-26,1,Yes,59,25868.88
1,S1,L3,R1,2018-01-27,0,Yes,91,50589.0
1,S1,L3,R1,2018-01-28,0,Yes,101,65958.0
1,S1,L3,R1,2018-01-29,0,Yes,73,45903.0
1,S1,L3,R1,2018-01-30,0,No,30,16302.0
1,S1,L3,R1,2018-01-31,1,No,29,15812.94
1,S1,L3,R1,2018-02-01,0,No,50,27306.0
1,S1,L3,R1,2018-02-02,0,No,65,34035.0
1,S1,L3,R1,2018-02-03,0,No,59,32616.0
1,S1,L3,R1,2018-02-04,0,No,57,31974.0
1,S1,L3,R1,2018-02-05,0,No,32,18750.0
1,S1,L3,R1,2018-02-06,0,Yes,54,31098.0
1,S1,L3,R1,2018-02-07,0,Yes,59,33282.0
1,S1,L3,R1,2018-02-08,0,Yes,80,44922.0
1,S1,L3,R1,2018-02-09,0,Yes,64,38169.0
1,S1,L3,R1,2018-02-10,1,Yes,74,38169.0
1,S1,L3,R1,2018-02-11,0,No,37,20403.0
1,S1,L3,R1,2018-02-12,0,No,48,25017.0
1,S1,L3,R1,2018-02-13,0,No,51,28170.0
1,S1,L3,R1,2018-02-14,1,No,49,26761.5
1,S1,L3,R1,2018-02-15,0,No,56,29091.0
1,S1,L3,R1,2018-02-16,0,No,50,26784.0
1,S1,L3,R1,2018-02-17,0,No,37,20640.0
1,S1,L3,R1,2018-02-18,0,Yes,61,36312.0
1,S1,L3,R1,2018-02-19,1,Yes,53,36312.0
1,S1,L3,R1,2018-02-20,0,Yes,76,43086.0
1,S1,L3,R1,2018-02-21,0,Yes,69,42207.0
1,S1,L3,R1,2018-02-22,0,Yes,67,40077.0
1,S1,L3,R1,2018-02-23,0,No,51,25731.0
1,S1,L3,R1,2018-02-24,0,No,66,36465.0
1,S1,L3,R1,2018-02-25,0,No,60,32670.0
1,S1,L3,R1,2018-02-26,0,No,67,35439.0
1,S1,L3,R1,2018-02-27,0,No,56,31044.0
1,S1,L3,R1,2018-02-28,0,No,33,18126.0
1,S1,L3,R1,2018-03-01,1,Yes,31,17038.44
1,S1,L3,R1,2018-03-02,1,Yes,6,3726.0
1,S1,L3,R1,2018-03-03,0,Yes,91,51810.0
1,S1,L3,R1,2018-03-04,0,Yes,75,44949.0
1,S1,L3,R1,2018-03-05,0,Yes,74,46644.0
1,S1,L3,R1,2018-03-06,0,No,33,18603.0
1,S1,L3,R1,2018-03-07,0,No,59,33639.0
1,S1,L3,R1,2018-03-08,0,No,73,39006.0
1,S1,L3,R1,2018-03-09,0,No,54,29187.0
1,S1,L3,R1,2018-03-10,0,No,64,35259.0
1,S1,L3,R1,2018-03-11,0,No,40,21954.0
1,S1,L3,R1,2018-03-12,0,Yes,75,39792.0
1,S1,L3,R1,2018-03-13,0,Yes,59,34056.0
1,S1,L3,R1,2018-03-14,0,Yes,78,43074.0
1,S1,L3,R1,2018-03-15,0,Yes,65,38475.0
1,S1,L3,R1,2018-03-16,0,Yes,68,41133.0
1,S1,L3,R1,2018-03-17,0,No,49,27681.0
1,S1,L3,R1,2018-03-18,1,Yes,48,27404.19
1,S1,L3,R1,2018-03-19,0,Yes,75,42972.0
1,S1,L3,R1,2018-03-20,0,Yes,67,40923.0
1,S1,L3,R1,2018-03-21,0,Yes,64,38979.0
1,S1,L3,R1,2018-03-22,0,No,45,22338.0
1,S1,L3,R1,2018-03-23,0,No,48,25494.0
1,S1,L3,R1,2018-03-24,0,No,55,29763.0
1,S1,L3,R1,2018-03-25,1,No,55,28870.11
1,S1,L3,R1,2018-03-26,0,No,46,23943.0
1,S1,L3,R1,2018-03-27,0,No,51,27882.0
1,S1,L3,R1,2018-03-28,0,No,34,19398.0
1,S1,L3,R1,2018-03-29,1,Yes,33,19010.04
1,S1,L3,R1,2018-03-30,1,Yes,40,23014.32
1,S1,L3,R1,2018-03-31,0,Yes,101,55335.0
1,S1,L3,R1,2018-04-01,1,Yes,95,54228.3
1,S1,L3,R1,2018-04-02,0,Yes,69,41781.0
1,S1,L3,R1,2018-04-03,0,No,31,17556.0
1,S1,L3,R1,2018-04-04,0,No,48,26112.0
1,S1,L3,R1,2018-04-05,0,No,50,26409.0
1,S1,L3,R1,2018-04-06,0,No,67,36222.0
1,S1,L3,R1,2018-04-07,0,No,69,36843.0
1,S1,L3,R1,2018-04-08,0,No,59,33651.0
1,S1,L3,R1,2018-04-09,0,Yes,61,37074.0
1,S1,L3,R1,2018-04-10,0,Yes,75,42099.0
1,S1,L3,R1,2018-04-11,0,Yes,85,55821.0
1,S1,L3,R1,2018-04-12,0,Yes,77,49509.0
1,S1,L3,R1,2018-04-13,0,No,35,19683.0
1,S1,L3,R1,2018-04-14,1,No,39,19092.51
1,S1,L3,R1,2018-04-15,1,No,38,21358.08
1,S1,L3,R1,2018-04-16,0,No,68,35970.0
1,S1,L3,R1,2018-04-17,0,No,52,28998.0
1,S1,L3,R1,2018-04-18,0,No,51,28029.0
1,S1,L3,R1,2018-04-19,0,No,36,19776.0
1,S1,L3,R1,2018-04-20,0,Yes,53,30237.0
1,S1,L3,R1,2018-04-21,0,Yes,72,42327.0
1,S1,L3,R1,2018-04-22,0,Yes,93,52722.0
1,S1,L3,R1,2018-04-23,0,Yes,66,39351.0
1,S1,L3,R1,2018-04-24,0,Yes,73,43647.0
1,S1,L3,R1,2018-04-25,0,No,34,18699.0
1,S1,L3,R1,2018-04-26,0,No,44,23550.0
1,S1,L3,R1,2018-04-27,0,No,51,27615.0
1,S1,L3,R1,2018-04-28,0,No,78,41166.0
1,S1,L3,R1,2018-04-29,0,No,59,32619.0
1,S1,L3,R1,2018-04-30,1,No,49,31314.24
1,S1,L3,R1,2018-05-01,0,No,36,23118.0
1,S1,L3,R1,2018-05-02,0,Yes,55,34683.0
1,S1,L3,R1,2018-05-03,0,Yes,63,39888.0
1,S1,L3,R1,2018-05-04,0,Yes,76,47436.0
1,S1,L3,R1,2018-05-05,0,Yes,81,53841.0
1,S1,L3,R1,2018-05-06,0,Yes,85,57690.0
1,S1,L3,R1,2018-05-07,0,No,37,22887.0
1,S1,L3,R1,2018-05-08,0,No,51,30885.0
1,S1,L3,R1,2018-05-09,1,No,48,29031.9
1,S1,L3,R1,2018-05-10,0,No,65,37617.0
1,S1,L3,R1,2018-05-11,0,No,49,29349.0
1,S1,L3,R1,2018-05-12,0,No,56,33474.0
1,S1,L3,R1,2018-05-13,0,No,42,25989.0
1,S1,L3,R1,2018-05-14,0,Yes,54,34161.0
1,S1,L3,R1,2018-05-15,0,Yes,62,40695.0
1,S1,L3,R1,2018-05-16,0,Yes,75,46224.0
1,S1,L3,R1,2018-05-17,0,Yes,62,41472.0
1,S1,L3,R1,2018-05-18,0,Yes,70,48744.0
1,S1,L3,R1,2018-05-19,0,No,41,25053.0
1,S1,L3,R1,2018-05-20,0,No,59,34242.0
1,S1,L3,R1,2018-05-21,0,No,48,28944.0
1,S1,L3,R1,2018-05-22,0,No,64,37572.0
1,S1,L3,R1,2018-05-23,0,No,56,34683.0
1,S1,L3,R1,2018-05-24,0,No,49,28854.0
1,S1,L3,R1,2018-05-25,0,No,30,18126.0
1,S1,L3,R1,2018-05-26,0,Yes,64,42660.0
1,S1,L3,R1,2018-05-27,0,Yes,70,44820.0
1,S1,L3,R1,2018-05-28,0,Yes,72,45744.0
1,S1,L3,R1,2018-05-29,0,Yes,68,45954.0
1,S1,L3,R1,2018-05-30,0,Yes,80,54549.0
1,S1,L3,R1,2018-05-31,0,No,32,21156.0
1,S1,L3,R1,2018-06-01,0,Yes,62,40854.0
1,S1,L3,R1,2018-06-02,0,Yes,64,40302.0
1,S1,L3,R1,2018-06-03,0,Yes,84,52461.0
1,S1,L3,R1,2018-06-04,0,Yes,57,36984.0
1,S1,L3,R1,2018-06-05,0,Yes,63,41364.0
1,S1,L3,R1,2018-06-06,0,No,32,19605.0
1,S1,L3,R1,2018-06-07,0,No,41,24816.0
1,S1,L3,R1,2018-06-08,0,No,48,28788.0
1,S1,L3,R1,2018-06-09,0,No,69,41961.0
1,S1,L3,R1,2018-06-10,0,No,58,35145.0
1,S1,L3,R1,2018-06-11,0,No,52,31455.0
1,S1,L3,R1,2018-06-12,0,No,34,21108.0
1,S1,L3,R1,2018-06-13,0,Yes,57,37584.0
1,S1,L3,R1,2018-06-14,0,Yes,63,40755.0
1,S1,L3,R1,2018-06-15,1,Yes,59,38309.7
1,S1,L3,R1,2018-06-16,1,Yes,51,28289.52
1,S1,L3,R1,2018-06-17,0,Yes,79,56010.0
1,S1,L3,R1,2018-06-18,0,No,34,21786.0
1,S1,L3,R1,2018-06-19,0,Yes,52,33606.0
1,S1,L3,R1,2018-06-20,0,Yes,56,36675.0
1,S1,L3,R1,2018-06-21,0,Yes,67,42486.0
1,S1,L3,R1,2018-06-22,0,Yes,72,46923.0
1,S1,L3,R1,2018-06-23,0,Yes,89,58908.0
1,S1,L3,R1,2018-06-24,0,No,40,26292.0
1,S1,L3,R1,2018-06-25,0,No,54,32145.0
1,S1,L3,R1,2018-06-26,0,No,25,16089.0
1,S1,L3,R1,2018-06-27,0,No,63,39756.0
1,S1,L3,R1,2018-06-28,0,No,66,42399.0
1,S1,L3,R1,2018-06-29,0,No,45,28572.0
1,S1,L3,R1,2018-06-30,0,No,32,20523.0
1,S1,L3,R1,2018-07-01,0,No,95,55638.0
1,S1,L3,R1,2018-07-02,0,No,92,54801.0
1,S1,L3,R1,2018-07-03,0,No,49,28509.0
1,S1,L3,R1,2018-07-04,0,Yes,71,44262.0
1,S1,L3,R1,2018-07-05,0,Yes,77,47661.0
1,S1,L3,R1,2018-07-06,0,Yes,90,55365.0
1,S1,L3,R1,2018-07-07,0,Yes,102,64281.0
1,S1,L3,R1,2018-07-08,0,Yes,106,69060.0
1,S1,L3,R1,2018-07-09,0,No,35,20625.0
1,S1,L3,R1,2018-07-10,0,No,49,28131.0
1,S1,L3,R1,2018-07-11,0,No,53,30057.0
1,S1,L3,R1,2018-07-12,0,No,71,39000.0
1,S1,L3,R1,2018-07-13,0,No,59,33672.0
1,S1,L3,R1,2018-07-14,1,No,65,31988.4
1,S1,L3,R1,2018-07-15,0,No,44,23979.0
1,S1,L3,R1,2018-07-16,0,Yes,67,39435.0
1,S1,L3,R1,2018-07-17,0,Yes,67,40083.0
1,S1,L3,R1,2018-07-18,0,Yes,76,45669.0
1,S1,L3,R1,2018-07-19,0,Yes,75,45522.0
1,S1,L3,R1,2018-07-20,0,Yes,78,49512.0
1,S1,L3,R1,2018-07-21,0,No,43,25287.0
1,S1,L3,R1,2018-07-22,0,Yes,72,42981.0
1,S1,L3,R1,2018-07-23,0,Yes,64,37677.0
1,S1,L3,R1,2018-07-24,0,Yes,82,47604.0
1,S1,L3,R1,2018-07-25,0,Yes,63,38493.0
1,S1,L3,R1,2018-07-26,0,Yes,69,41994.0
1,S1,L3,R1,2018-07-27,0,No,36,20265.0
1,S1,L3,R1,2018-07-28,0,No,56,30789.0
1,S1,L3,R1,2018-07-29,0,No,62,34962.0
1,S1,L3,R1,2018-07-30,0,No,67,35493.0
1,S1,L3,R1,2018-07-31,0,No,41,22734.0
1,S1,L3,R1,2018-08-01,0,No,55,29031.0
1,S1,L3,R1,2018-08-02,0,No,37,20127.0
1,S1,L3,R1,2018-08-03,0,Yes,56,30765.0
1,S1,L3,R1,2018-08-04,0,Yes,71,39819.0
1,S1,L3,R1,2018-08-05,0,Yes,90,51606.0
1,S1,L3,R1,2018-08-06,0,Yes,60,34983.0
1,S1,L3,R1,2018-08-07,0,Yes,69,39969.0
1,S1,L3,R1,2018-08-08,0,No,36,20973.0
1,S1,L3,R1,2018-08-09,0,Yes,59,34035.0
1,S1,L3,R1,2018-08-10,0,Yes,63,37821.0
1,S1,L3,R1,2018-08-11,0,Yes,92,53496.0
1,S1,L3,R1,2018-08-12,0,Yes,83,50460.0
1,S1,L3,R1,2018-08-13,0,Yes,78,46137.0
1,S1,L3,R1,2018-08-14,0,No,44,23355.0
1,S1,L3,R1,2018-08-15,1,No,26,13312.35
1,S1,L3,R1,2018-08-16,0,No,66,34998.0
1,S1,L3,R1,2018-08-17,1,No,63,32898.12
1,S1,L3,R1,2018-08-18,0,No,67,35490.0
1,S1,L3,R1,2018-08-19,0,No,38,20715.0
1,S1,L3,R1,2018-08-20,0,Yes,57,32628.0
1,S1,L3,R1,2018-08-21,0,Yes,62,36027.0
1,S1,L3,R1,2018-08-22,1,Yes,57,32784.57
1,S1,L3,R1,2018-08-23,0,Yes,59,33936.0
1,S1,L3,R1,2018-08-24,0,Yes,68,40413.0
1,S1,L3,R1,2018-08-25,1,No,76,37988.22
1,S1,L3,R1,2018-08-26,1,No,23,12870.72
1,S1,L3,R1,2018-08-27,0,No,52,28524.0
1,S1,L3,R1,2018-08-28,0,No,67,34296.0
1,S1,L3,R1,2018-08-29,0,No,51,27426.0
1,S1,L3,R1,2018-08-30,0,No,56,30201.0
1,S1,L3,R1,2018-08-31,0,No,32,17151.0
1,S1,L3,R1,2018-09-01,0,Yes,62,36096.0
1,S1,L3,R1,2018-09-02,0,Yes,70,40437.0
1,S1,L3,R1,2018-09-03,1,Yes,59,39223.89
1,S1,L3,R1,2018-09-04,0,Yes,64,36804.0
1,S1,L3,R1,2018-09-05,0,Yes,74,45126.0
1,S1,L3,R1,2018-09-06,0,No,37,20247.0
1,S1,L3,R1,2018-09-07,0,Yes,38,19737.0
1,S1,L3,R1,2018-09-08,0,Yes,73,39453.0
1,S1,L3,R1,2018-09-09,0,Yes,80,44301.0
1,S1,L3,R1,2018-09-10,0,Yes,83,50553.0
1,S1,L3,R1,2018-09-11,0,Yes,75,45042.0
1,S1,L3,R1,2018-09-12,0,No,35,18795.0
1,S1,L3,R1,2018-09-13,1,No,28,14848.05
1,S1,L3,R1,2018-09-14,0,No,50,26853.0
1,S1,L3,R1,2018-09-15,0,No,81,42564.0
1,S1,L3,R1,2018-09-16,0,No,59,31767.0
1,S1,L3,R1,2018-09-17,0,No,50,27042.0
1,S1,L3,R1,2018-09-18,0,No,30,16599.0
1,S1,L3,R1,2018-09-19,0,Yes,54,29883.0
1,S1,L3,R1,2018-09-20,0,Yes,55,31662.0
1,S1,L3,R1,2018-09-21,1,Yes,55,31345.38
1,S1,L3,R1,2018-09-22,0,Yes,78,45441.0
1,S1,L3,R1,2018-09-23,0,Yes,85,50787.0
1,S1,L3,R1,2018-09-24,0,No,31,17319.0
1,S1,L3,R1,2018-09-25,0,No,43,23019.0
1,S1,L3,R1,2018-09-26,0,No,47,26679.0
1,S1,L3,R1,2018-09-27,0,No,64,33975.0
1,S1,L3,R1,2018-09-28,0,No,58,32559.0
1,S1,L3,R1,2018-09-29,0,No,66,34794.0
1,S1,L3,R1,2018-09-30,0,No,38,20676.0
1,S1,L3,R1,2018-10-01,0,Yes,57,31809.0
1,S1,L3,R1,2018-10-02,1,Yes,46,25129.11
1,S1,L3,R1,2018-10-03,0,Yes,75,42465.0
1,S1,L3,R1,2018-10-04,0,Yes,64,38616.0
1,S1,L3,R1,2018-10-05,0,Yes,80,48669.0
1,S1,L3,R1,2018-10-06,0,No,43,23844.0
1,S1,L3,R1,2018-10-07,0,No,63,34293.0
1,S1,L3,R1,2018-10-08,0,No,52,26871.0
1,S1,L3,R1,2018-10-09,0,No,69,36351.0
1,S1,L3,R1,2018-10-10,0,No,46,24801.0
1,S1,L3,R1,2018-10-11,0,No,53,27921.0
1,S1,L3,R1,2018-10-12,0,No,34,18444.0
1,S1,L3,R1,2018-10-13,0,Yes,68,38670.0
1,S1,L3,R1,2018-10-14,0,Yes,71,41685.0
1,S1,L3,R1,2018-10-15,0,Yes,85,46668.0
1,S1,L3,R1,2018-10-16,1,Yes,80,44334.600000000006
1,S1,L3,R1,2018-10-17,1,Yes,46,26933.76
1,S1,L3,R1,2018-10-18,1,No,49,28289.1
1,S1,L3,R1,2018-10-19,1,No,22,12149.55
1,S1,L3,R1,2018-10-20,0,No,67,36270.0
1,S1,L3,R1,2018-10-21,0,No,78,41451.0
1,S1,L3,R1,2018-10-22,0,No,53,29007.0
1,S1,L3,R1,2018-10-23,0,No,55,29094.0
1,S1,L3,R1,2018-10-24,1,No,52,27639.300000000003
1,S1,L3,R1,2018-10-25,0,Yes,49,28731.0
1,S1,L3,R1,2018-10-26,0,Yes,56,31317.0
1,S1,L3,R1,2018-10-27,1,Yes,62,30064.32
1,S1,L3,R1,2018-10-28,0,Yes,72,42552.0
1,S1,L3,R1,2018-10-29,0,Yes,66,38985.0
1,S1,L3,R1,2018-10-30,0,No,45,23592.0
1,S1,L3,R1,2018-10-31,0,Yes,62,34902.0
1,S1,L3,R1,2018-11-01,0,Yes,70,39993.0
1,S1,L3,R1,2018-11-02,0,Yes,76,41964.0
1,S1,L3,R1,2018-11-03,0,Yes,66,38529.0
1,S1,L3,R1,2018-11-04,0,Yes,74,45678.0
1,S1,L3,R1,2018-11-05,0,No,31,16209.0
1,S1,L3,R1,2018-11-06,1,No,30,15560.64
1,S1,L3,R1,2018-11-07,1,No,7,3928.86
1,S1,L3,R1,2018-11-08,1,No,8,4748.88
1,S1,L3,R1,2018-11-09,1,No,12,6517.950000000001
1,S1,L3,R1,2018-11-10,0,No,58,30945.0
1,S1,L3,R1,2018-11-11,0,No,39,22650.0
1,S1,L3,R1,2018-11-12,0,Yes,55,31413.0
1,S1,L3,R1,2018-11-13,1,Yes,53,30470.61
1,S1,L3,R1,2018-11-14,0,Yes,86,47409.0
1,S1,L3,R1,2018-11-15,0,Yes,69,39843.0
1,S1,L3,R1,2018-11-16,0,Yes,71,42462.0
1,S1,L3,R1,2018-11-17,0,No,40,21969.0
1,S1,L3,R1,2018-11-18,0,No,58,29529.0
1,S1,L3,R1,2018-11-19,0,No,50,28881.0
1,S1,L3,R1,2018-11-20,0,No,56,30846.0
1,S1,L3,R1,2018-11-21,1,No,55,29920.620000000003
1,S1,L3,R1,2018-11-22,0,No,52,27603.0
1,S1,L3,R1,2018-11-23,1,No,50,26498.88
1,S1,L3,R1,2018-11-24,1,Yes,86,30930.39
1,S1,L3,R1,2018-11-25,0,Yes,102,52050.0
1,S1,L3,R1,2018-11-26,0,Yes,82,44499.0
1,S1,L3,R1,2018-11-27,0,Yes,64,35742.0
1,S1,L3,R1,2018-11-28,0,Yes,102,62676.0
1,S1,L3,R1,2018-11-29,0,No,34,18132.0
1,S1,L3,R1,2018-11-30,0,No,55,30498.0
1,S1,L3,R1,2018-12-01,0,No,62,34107.0
1,S1,L3,R1,2018-12-02,0,No,70,38574.0
1,S1,L3,R1,2018-12-03,0,No,49,26241.0
1,S1,L3,R1,2018-12-04,0,No,55,28968.0
1,S1,L3,R1,2018-12-05,0,No,32,17262.0
1,S1,L3,R1,2018-12-06,0,Yes,53,29856.0
1,S1,L3,R1,2018-12-07,0,Yes,61,34863.0
1,S1,L3,R1,2018-12-08,0,Yes,91,49737.0
1,S1,L3,R1,2018-12-09,0,Yes,74,42762.0
1,S1,L3,R1,2018-12-10,0,Yes,74,44622.0
1,S1,L3,R1,2018-12-11,0,No,33,18801.0
1,S1,L3,R1,2018-12-12,0,No,54,30024.0
1,S1,L3,R1,2018-12-13,0,No,63,34521.0
1,S1,L3,R1,2018-12-14,0,No,67,35028.0
1,S1,L3,R1,2018-12-15,0,No,61,34206.0
1,S1,L3,R1,2018-12-16,0,No,44,29076.0
1,S1,L3,R1,2018-12-17,0,Yes,60,40566.0
1,S1,L3,R1,2018-12-18,0,Yes,65,45846.0
1,S1,L3,R1,2018-12-19,0,Yes,87,57738.0
1,S1,L3,R1,2018-12-20,0,Yes,64,44025.0
1,S1,L3,R1,2018-12-21,0,Yes,77,55155.0
1,S1,L3,R1,2018-12-22,0,No,56,33699.0
1,S1,L3,R1,2018-12-23,0,No,88,56679.0
1,S1,L3,R1,2018-12-24,1,No,73,56112.21
1,S1,L3,R1,2018-12-25,1,No,9,6514.83
1,S1,L3,R1,2018-12-26,0,No,54,35292.0
1,S1,L3,R1,2018-12-27,0,No,33,21432.0
1,S1,L3,R1,2018-12-28,0,Yes,55,37887.0
1,S1,L3,R1,2018-12-29,0,Yes,68,46239.0
1,S1,L3,R1,2018-12-30,0,Yes,87,56634.0
1,S1,L3,R1,2018-12-31,0,Yes,62,41886.0
1,S1,L3,R1,2019-01-01,1,Yes,54,36021.96
1,S1,L3,R1,2019-01-02,0,No,35,22149.0
1,S1,L3,R1,2019-01-03,0,No,52,33153.0
1,S1,L3,R1,2019-01-04,0,No,51,33993.0
1,S1,L3,R1,2019-01-05,0,No,77,48975.0
1,S1,L3,R1,2019-01-06,0,No,60,40050.0
1,S1,L3,R1,2019-01-07,0,No,54,34110.0
1,S1,L3,R1,2019-01-08,0,No,31,20457.0
1,S1,L3,R1,2019-01-09,0,Yes,74,49074.0
1,S1,L3,R1,2019-01-10,0,Yes,62,41763.0
1,S1,L3,R1,2019-01-11,0,Yes,78,53190.0
1,S1,L3,R1,2019-01-12,0,Yes,72,52998.0
1,S1,L3,R1,2019-01-13,1,Yes,73,52468.02
1,S1,L3,R1,2019-01-14,1,No,54,46347.57
1,S1,L3,R1,2019-01-15,1,Yes,27,17907.54
1,S1,L3,R1,2019-01-16,0,Yes,94,51228.0
1,S1,L3,R1,2019-01-17,0,Yes,70,41211.0
1,S1,L3,R1,2019-01-18,0,Yes,66,39570.0
1,S1,L3,R1,2019-01-19,0,No,38,21420.0
1,S1,L3,R1,2019-01-20,0,No,56,30744.0
1,S1,L3,R1,2019-01-21,0,No,51,26475.0
1,S1,L3,R1,2019-01-22,0,No,65,33921.0
1,S1,L3,R1,2019-01-23,0,No,57,30447.0
1,S1,L3,R1,2019-01-24,0,No,46,26388.0
1,S1,L3,R1,2019-01-25,0,Yes,73,42051.0
1,S1,L3,R1,2019-01-26,1,Yes,59,27753.660000000003
1,S1,L3,R1,2019-01-27,0,Yes,87,53703.0
1,S1,L3,R1,2019-01-28,0,Yes,75,45882.0
1,S1,L3,R1,2019-01-29,0,No,32,17562.0
1,S1,L3,R1,2019-01-30,0,No,51,29583.0
1,S1,L3,R1,2019-01-31,0,No,47,25203.0
1,S1,L3,R1,2019-02-01,0,No,70,36606.0
1,S1,L3,R1,2019-02-02,0,No,61,34212.0
1,S1,L3,R1,2019-02-03,0,No,62,32640.0
1,S1,L3,R1,2019-02-04,0,No,33,17865.0
1,S1,L3,R1,2019-02-05,0,Yes,56,32028.0
1,S1,L3,R1,2019-02-06,0,Yes,58,32664.0
1,S1,L3,R1,2019-02-07,0,Yes,82,45789.0
1,S1,L3,R1,2019-02-08,0,Yes,58,32196.0
1,S1,L3,R1,2019-02-09,0,Yes,114,69162.0
1,S1,L3,R1,2019-02-10,1,No,106,65703.9
1,S1,L3,R1,2019-02-11,0,No,48,27897.0
1,S1,L3,R1,2019-02-12,0,No,52,28740.0
1,S1,L3,R1,2019-02-13,0,No,68,35637.0
1,S1,L3,R1,2019-02-14,0,No,50,27348.0
1,S1,L3,R1,2019-02-15,0,No,52,27369.0
1,S1,L3,R1,2019-02-16,0,No,36,20208.0
1,S1,L3,R1,2019-02-17,0,Yes,63,37179.0
1,S1,L3,R1,2019-02-18,0,Yes,57,32070.0
1,S1,L3,R1,2019-02-19,1,Yes,55,31107.9
1,S1,L3,R1,2019-02-20,0,Yes,64,36735.0
1,S1,L3,R1,2019-02-21,0,Yes,74,43452.0
1,S1,L3,R1,2019-02-22,0,No,33,18024.0
1,S1,L3,R1,2019-02-23,0,No,50,26976.0
1,S1,L3,R1,2019-02-24,0,No,63,34272.0
1,S1,L3,R1,2019-02-25,0,No,65,33483.0
1,S1,L3,R1,2019-02-26,0,No,50,25755.0
1,S1,L3,R1,2019-02-27,0,No,51,26877.0
1,S1,L3,R1,2019-02-28,0,No,35,19179.0
1,S1,L3,R1,2019-03-01,1,Yes,34,18603.63
1,S1,L3,R1,2019-03-02,0,Yes,71,39939.0
1,S1,L3,R1,2019-03-03,0,Yes,95,52248.0
1,S1,L3,R1,2019-03-04,1,Yes,77,50680.56
1,S1,L3,R1,2019-03-05,0,Yes,76,44796.0
1,S1,L3,R1,2019-03-06,0,No,37,21240.0
1,S1,L3,R1,2019-03-07,0,No,55,29850.0
1,S1,L3,R1,2019-03-08,0,No,49,26784.0
1,S1,L3,R1,2019-03-09,0,No,73,38472.0
1,S1,L3,R1,2019-03-10,0,No,57,29769.0
1,S1,L3,R1,2019-03-11,0,No,49,26652.0
1,S1,L3,R1,2019-03-12,0,No,31,17169.0
1,S1,L3,R1,2019-03-13,0,Yes,52,30180.0
1,S1,L3,R1,2019-03-14,0,Yes,58,32403.0
1,S1,L3,R1,2019-03-15,0,Yes,77,42477.0
1,S1,L3,R1,2019-03-16,0,Yes,75,43962.0
1,S1,L3,R1,2019-03-17,0,Yes,90,53784.0
1,S1,L3,R1,2019-03-18,0,No,30,16527.0
1,S1,L3,R1,2019-03-19,0,No,52,28782.0
1,S1,L3,R1,2019-03-20,1,No,52,28494.18
1,S1,L3,R1,2019-03-21,1,No,6,3344.25
1,S1,L3,R1,2019-03-22,0,No,53,28128.0
1,S1,L3,R1,2019-03-23,0,No,63,33012.0
1,S1,L3,R1,2019-03-24,0,No,39,20508.0
1,S1,L3,R1,2019-03-25,0,Yes,56,31494.0
1,S1,L3,R1,2019-03-26,0,Yes,67,38136.0
1,S1,L3,R1,2019-03-27,0,Yes,82,46194.0
1,S1,L3,R1,2019-03-28,0,Yes,67,41238.0
1,S1,L3,R1,2019-03-29,0,Yes,79,45846.0
1,S1,L3,R1,2019-03-30,0,No,41,22863.0
1,S1,L3,R1,2019-03-31,0,No,64,35781.0
1,S1,L3,R1,2019-04-01,0,No,49,27432.0
1,S1,L3,R1,2019-04-02,0,No,56,29886.0
1,S1,L3,R1,2019-04-03,0,No,49,25941.0
1,S1,L3,R1,2019-04-04,0,No,50,26334.0
1,S1,L3,R1,2019-04-05,0,No,29,15522.0
1,S1,L3,R1,2019-04-06,1,Yes,33,15056.34
1,S1,L3,R1,2019-04-07,0,Yes,61,36531.0
1,S1,L3,R1,2019-04-08,0,Yes,68,36753.0
1,S1,L3,R1,2019-04-09,0,Yes,69,40422.0
1,S1,L3,R1,2019-04-10,0,Yes,73,43416.0
1,S1,L3,R1,2019-04-11,0,No,32,17151.0
1,S1,L3,R1,2019-04-12,0,No,48,26004.0
1,S1,L3,R1,2019-04-13,1,No,53,24963.840000000004
1,S1,L3,R1,2019-04-14,1,No,41,22871.25
1,S1,L3,R1,2019-04-15,1,No,48,29687.04
1,S1,L3,R1,2019-04-16,0,No,55,29430.0
1,S1,L3,R1,2019-04-17,1,No,52,27664.2
1,S1,L3,R1,2019-04-18,0,Yes,62,34278.0
1,S1,L3,R1,2019-04-19,1,Yes,62,34278.0
1,S1,L3,R1,2019-04-20,0,Yes,93,51531.0
1,S1,L3,R1,2019-04-21,1,Yes,87,48954.45
1,S1,L3,R1,2019-04-22,0,Yes,82,49641.0
1,S1,L3,R1,2019-04-23,0,No,32,17910.0
1,S1,L3,R1,2019-04-24,0,No,56,31206.0
1,S1,L3,R1,2019-04-25,0,No,53,27207.0
1,S1,L3,R1,2019-04-26,0,No,26,14484.0
1,S1,L3,R1,2019-04-27,0,No,100,56808.0
1,S1,L3,R1,2019-04-28,0,No,49,27330.0
1,S1,L3,R1,2019-04-29,0,No,65,36516.0
1,S1,L3,R1,2019-04-30,0,No,27,15531.0
1,S1,L3,R1,2019-05-01,0,No,97,61656.0
1,S1,L3,R1,2019-05-02,0,No,53,34710.0
1,S1,L3,R1,2019-05-03,0,Yes,80,52362.0
1,S1,L3,R1,2019-05-04,0,Yes,94,66564.0
1,S1,L3,R1,2019-05-05,0,Yes,116,79806.0
1,S1,L3,R1,2019-05-06,0,Yes,88,64491.0
1,S1,L3,R1,2019-05-07,0,Yes,92,66288.0
1,S1,L3,R1,2019-05-08,0,No,35,22731.0
1,S1,L3,R1,2019-05-09,1,No,34,22276.38
1,S1,L3,R1,2019-05-10,0,No,59,37437.0
1,S1,L3,R1,2019-05-11,0,No,86,53016.0
1,S1,L3,R1,2019-05-12,0,No,74,44736.0
1,S1,L3,R1,2019-05-13,0,No,58,34479.0
1,S1,L3,R1,2019-05-14,0,No,30,18660.0
1,S1,L3,R1,2019-05-15,0,Yes,54,34458.0
1,S1,L3,R1,2019-05-16,0,Yes,70,47619.0
1,S1,L3,R1,2019-05-17,0,Yes,85,56253.0
1,S1,L3,R1,2019-05-18,1,Yes,95,52877.81999999999
1,S1,L3,R1,2019-05-19,0,Yes,100,68733.0
1,S1,L3,R1,2019-05-20,0,No,36,23496.0
1,S1,L3,R1,2019-05-21,0,No,58,36612.0
1,S1,L3,R1,2019-05-22,0,No,57,36753.0
1,S1,L3,R1,2019-05-23,0,No,69,41790.0
1,S1,L3,R1,2019-05-24,0,No,54,32700.0
1,S1,L3,R1,2019-05-25,0,No,65,40554.0
1,S1,L3,R1,2019-05-26,0,No,39,25035.0
1,S1,L3,R1,2019-05-27,0,Yes,53,33075.0
1,S1,L3,R1,2019-05-28,0,Yes,57,37317.0
1,S1,L3,R1,2019-05-29,0,Yes,69,44652.0
1,S1,L3,R1,2019-05-30,0,Yes,66,42387.0
1,S1,L3,R1,2019-05-31,1,Yes,62,39843.78
2,S3,L1,R3,2018-01-01,1,Yes,25,18137.52
2,S3,L1,R3,2018-01-02,0,Yes,82,62976.0
2,S3,L1,R3,2018-01-03,0,Yes,71,54057.0
2,S3,L1,R3,2018-01-04,0,Yes,81,62379.0
2,S3,L1,R3,2018-01-05,0,Yes,76,57780.0
2,S3,L1,R3,2018-01-06,0,No,48,34539.0
2,S3,L1,R3,2018-01-07,0,No,70,48153.0
2,S3,L1,R3,2018-01-08,0,No,65,44841.0
2,S3,L1,R3,2018-01-09,0,No,60,42030.0
2,S3,L1,R3,2018-01-10,0,No,66,44688.0
2,S3,L1,R3,2018-01-11,0,No,67,45777.0
2,S3,L1,R3,2018-01-12,0,No,41,30846.0
2,S3,L1,R3,2018-01-13,0,Yes,78,57909.0
2,S3,L1,R3,2018-01-14,1,Yes,77,57909.0
2,S3,L1,R3,2018-01-15,0,Yes,86,63363.0
2,S3,L1,R3,2018-01-16,0,Yes,76,48945.0
2,S3,L1,R3,2018-01-17,0,Yes,81,52746.0
2,S3,L1,R3,2018-01-18,0,No,40,24303.0
2,S3,L1,R3,2018-01-19,0,No,68,39618.0
2,S3,L1,R3,2018-01-20,0,No,80,47871.0
2,S3,L1,R3,2018-01-21,0,No,78,46539.0
2,S3,L1,R3,2018-01-22,1,No,66,45608.22
2,S3,L1,R3,2018-01-23,0,No,73,42228.0
2,S3,L1,R3,2018-01-24,0,No,45,27126.0
2,S3,L1,R3,2018-01-25,0,Yes,74,46707.0
2,S3,L1,R3,2018-01-26,1,Yes,45,27557.13
2,S3,L1,R3,2018-01-27,0,Yes,91,56748.0
2,S3,L1,R3,2018-01-28,0,Yes,127,84891.0
2,S3,L1,R3,2018-01-29,0,Yes,81,55239.0
2,S3,L1,R3,2018-01-30,0,No,64,34698.0
2,S3,L1,R3,2018-01-31,1,No,62,34004.04
2,S3,L1,R3,2018-02-01,0,No,69,38079.0
2,S3,L1,R3,2018-02-02,0,No,63,35334.0
2,S3,L1,R3,2018-02-03,0,No,90,51495.0
2,S3,L1,R3,2018-02-04,0,No,73,43257.0
2,S3,L1,R3,2018-02-05,0,No,42,24393.0
2,S3,L1,R3,2018-02-06,0,Yes,79,48132.0
2,S3,L1,R3,2018-02-07,0,Yes,74,44901.0
2,S3,L1,R3,2018-02-08,0,Yes,82,50202.0
2,S3,L1,R3,2018-02-09,0,Yes,91,56670.0
2,S3,L1,R3,2018-02-10,1,Yes,102,55536.600000000006
2,S3,L1,R3,2018-02-11,0,No,57,34008.0
2,S3,L1,R3,2018-02-12,0,No,68,38973.0
2,S3,L1,R3,2018-02-13,0,No,69,37938.0
2,S3,L1,R3,2018-02-14,1,No,67,36799.86
2,S3,L1,R3,2018-02-15,0,No,77,44541.0
2,S3,L1,R3,2018-02-16,0,No,76,42681.0
2,S3,L1,R3,2018-02-17,0,No,63,35442.0
2,S3,L1,R3,2018-02-18,0,Yes,109,67383.0
2,S3,L1,R3,2018-02-19,1,Yes,88,63340.02
2,S3,L1,R3,2018-02-20,0,Yes,97,60705.0
2,S3,L1,R3,2018-02-21,0,Yes,101,65142.0
2,S3,L1,R3,2018-02-22,0,No,45,27366.0
2,S3,L1,R3,2018-02-23,0,No,79,46053.0
2,S3,L1,R3,2018-02-24,0,No,79,46887.0
2,S3,L1,R3,2018-02-25,0,No,76,42582.0
2,S3,L1,R3,2018-02-26,0,No,73,41469.0
2,S3,L1,R3,2018-02-27,0,No,48,28389.0
2,S3,L1,R3,2018-02-28,0,Yes,76,45117.0
2,S3,L1,R3,2018-03-01,1,Yes,75,44214.66
2,S3,L1,R3,2018-03-02,1,Yes,10,5992.65
2,S3,L1,R3,2018-03-03,0,Yes,101,61728.0
2,S3,L1,R3,2018-03-04,0,Yes,105,68073.0
2,S3,L1,R3,2018-03-05,0,No,46,26367.0
2,S3,L1,R3,2018-03-06,0,No,86,48495.0
2,S3,L1,R3,2018-03-07,0,No,77,44169.0
2,S3,L1,R3,2018-03-08,0,No,70,39339.0
2,S3,L1,R3,2018-03-09,0,No,71,38811.0
2,S3,L1,R3,2018-03-10,0,No,87,47625.0
2,S3,L1,R3,2018-03-11,0,Yes,106,63693.0
2,S3,L1,R3,2018-03-12,0,Yes,80,47115.0
2,S3,L1,R3,2018-03-13,0,Yes,87,53448.0
2,S3,L1,R3,2018-03-14,0,Yes,81,50697.0
2,S3,L1,R3,2018-03-15,0,Yes,92,56304.0
2,S3,L1,R3,2018-03-16,0,No,67,39912.0
2,S3,L1,R3,2018-03-17,0,Yes,116,69951.0
2,S3,L1,R3,2018-03-18,1,Yes,110,67152.95999999999
2,S3,L1,R3,2018-03-19,0,Yes,87,52374.0
2,S3,L1,R3,2018-03-20,0,Yes,86,54321.0
2,S3,L1,R3,2018-03-21,0,No,47,27309.0
2,S3,L1,R3,2018-03-22,0,No,65,35868.0
2,S3,L1,R3,2018-03-23,0,No,67,37020.0
2,S3,L1,R3,2018-03-24,0,No,78,45045.0
2,S3,L1,R3,2018-03-25,1,No,80,44594.55
2,S3,L1,R3,2018-03-26,0,No,66,35544.0
2,S3,L1,R3,2018-03-27,0,No,45,25026.0
2,S3,L1,R3,2018-03-28,0,Yes,82,47925.0
2,S3,L1,R3,2018-03-29,1,Yes,77,45049.5
2,S3,L1,R3,2018-03-30,1,Yes,60,36264.42
2,S3,L1,R3,2018-03-31,0,Yes,105,64830.0
2,S3,L1,R3,2018-04-01,1,Yes,101,63533.4
2,S3,L1,R3,2018-04-02,0,No,43,24984.0
2,S3,L1,R3,2018-04-03,0,No,71,40509.0
2,S3,L1,R3,2018-04-04,0,No,75,41145.0
2,S3,L1,R3,2018-04-05,0,No,72,40419.0
2,S3,L1,R3,2018-04-06,0,No,81,44910.0
2,S3,L1,R3,2018-04-07,0,No,90,52755.0
2,S3,L1,R3,2018-04-08,0,Yes,109,63420.0
2,S3,L1,R3,2018-04-09,0,Yes,85,51228.0
2,S3,L1,R3,2018-04-10,0,Yes,86,59757.0
2,S3,L1,R3,2018-04-11,0,Yes,93,61836.0
2,S3,L1,R3,2018-04-12,0,No,46,26661.0
2,S3,L1,R3,2018-04-13,0,No,62,34398.0
2,S3,L1,R3,2018-04-14,1,No,70,32678.1
2,S3,L1,R3,2018-04-15,1,No,56,32579.46
2,S3,L1,R3,2018-04-16,0,No,67,35868.0
2,S3,L1,R3,2018-04-17,0,No,66,36240.0
2,S3,L1,R3,2018-04-18,0,No,39,22452.0
2,S3,L1,R3,2018-04-19,0,Yes,72,42633.0
2,S3,L1,R3,2018-04-20,0,Yes,76,43641.0
2,S3,L1,R3,2018-04-21,0,Yes,99,60234.0
2,S3,L1,R3,2018-04-22,0,Yes,100,59202.0
2,S3,L1,R3,2018-04-23,0,Yes,86,53064.0
2,S3,L1,R3,2018-04-24,0,No,46,26487.0
2,S3,L1,R3,2018-04-25,0,No,68,38133.0
2,S3,L1,R3,2018-04-26,0,No,69,37965.0
2,S3,L1,R3,2018-04-27,0,No,65,35436.0
2,S3,L1,R3,2018-04-28,0,No,78,42453.0
2,S3,L1,R3,2018-04-29,0,No,79,43044.0
2,S3,L1,R3,2018-04-30,1,No,63,40461.36
2,S3,L1,R3,2018-05-01,0,Yes,82,54924.0
2,S3,L1,R3,2018-05-02,0,Yes,83,54141.0
2,S3,L1,R3,2018-05-03,0,Yes,76,51510.0
2,S3,L1,R3,2018-05-04,0,Yes,81,56397.0
2,S3,L1,R3,2018-05-05,0,Yes,114,82110.0
2,S3,L1,R3,2018-05-06,0,No,56,37245.0
2,S3,L1,R3,2018-05-07,0,No,69,42234.0
2,S3,L1,R3,2018-05-08,0,No,71,44244.0
2,S3,L1,R3,2018-05-09,1,No,69,42474.24
2,S3,L1,R3,2018-05-10,0,No,66,39216.0
2,S3,L1,R3,2018-05-11,0,No,64,39660.0
2,S3,L1,R3,2018-05-12,0,No,45,29256.0
2,S3,L1,R3,2018-05-13,0,Yes,86,57981.0
2,S3,L1,R3,2018-05-14,0,Yes,79,50928.0
2,S3,L1,R3,2018-05-15,0,Yes,78,52758.0
2,S3,L1,R3,2018-05-16,0,Yes,78,53037.0
2,S3,L1,R3,2018-05-17,0,Yes,93,64692.0
2,S3,L1,R3,2018-05-18,0,No,49,30915.0
2,S3,L1,R3,2018-05-19,0,No,90,54189.0
2,S3,L1,R3,2018-05-20,0,No,77,46938.0
2,S3,L1,R3,2018-05-21,0,No,71,44403.0
2,S3,L1,R3,2018-05-22,0,No,68,40932.0
2,S3,L1,R3,2018-05-23,0,No,64,38493.0
2,S3,L1,R3,2018-05-24,0,No,54,34509.0
2,S3,L1,R3,2018-05-25,0,Yes,81,53859.0
2,S3,L1,R3,2018-05-26,0,Yes,92,60084.0
2,S3,L1,R3,2018-05-27,0,Yes,93,64683.0
2,S3,L1,R3,2018-05-28,0,Yes,89,60144.0
2,S3,L1,R3,2018-05-29,0,Yes,95,65289.0
2,S3,L1,R3,2018-05-30,0,No,48,30984.0
2,S3,L1,R3,2018-05-31,0,Yes,67,45999.0
2,S3,L1,R3,2018-06-01,0,Yes,73,49944.0
2,S3,L1,R3,2018-06-02,0,Yes,83,55914.0
2,S3,L1,R3,2018-06-03,0,Yes,105,68280.0
2,S3,L1,R3,2018-06-04,0,Yes,76,52767.0
2,S3,L1,R3,2018-06-05,0,No,38,24399.0
2,S3,L1,R3,2018-06-06,0,No,67,41733.0
2,S3,L1,R3,2018-06-07,0,No,59,35706.0
2,S3,L1,R3,2018-06-08,0,No,65,38754.0
2,S3,L1,R3,2018-06-09,0,No,75,44793.0
2,S3,L1,R3,2018-06-10,0,No,80,49359.0
2,S3,L1,R3,2018-06-11,0,No,49,32019.0
2,S3,L1,R3,2018-06-12,0,Yes,86,57612.0
2,S3,L1,R3,2018-06-13,0,Yes,72,46326.0
2,S3,L1,R3,2018-06-14,0,Yes,74,49986.0
2,S3,L1,R3,2018-06-15,1,Yes,74,49986.0
2,S3,L1,R3,2018-06-16,1,Yes,51,30607.08
2,S3,L1,R3,2018-06-17,0,No,44,28875.0
2,S3,L1,R3,2018-06-18,0,Yes,73,50562.0
2,S3,L1,R3,2018-06-19,0,Yes,68,44148.0
2,S3,L1,R3,2018-06-20,0,Yes,75,49704.0
2,S3,L1,R3,2018-06-21,0,Yes,86,58560.0
2,S3,L1,R3,2018-06-22,0,Yes,94,67683.0
2,S3,L1,R3,2018-06-23,0,No,60,37146.0
2,S3,L1,R3,2018-06-24,0,No,80,49569.0
2,S3,L1,R3,2018-06-25,0,No,40,26490.0
2,S3,L1,R3,2018-06-26,0,No,95,60297.0
2,S3,L1,R3,2018-06-27,0,No,94,61143.0
2,S3,L1,R3,2018-06-28,0,No,56,35328.0
2,S3,L1,R3,2018-06-29,0,No,58,34035.0
2,S3,L1,R3,2018-06-30,0,No,156,101661.0
2,S3,L1,R3,2018-07-01,0,No,141,82734.0
2,S3,L1,R3,2018-07-02,0,No,83,49452.0
2,S3,L1,R3,2018-07-03,0,Yes,95,57504.0
2,S3,L1,R3,2018-07-04,0,Yes,112,68481.0
2,S3,L1,R3,2018-07-05,0,Yes,91,59040.0
2,S3,L1,R3,2018-07-06,0,Yes,120,75336.0
2,S3,L1,R3,2018-07-07,0,Yes,131,87159.0
2,S3,L1,R3,2018-07-08,0,No,89,50871.0
2,S3,L1,R3,2018-07-09,0,No,60,34563.0
2,S3,L1,R3,2018-07-10,0,No,72,40779.0
2,S3,L1,R3,2018-07-11,0,No,63,34818.0
2,S3,L1,R3,2018-07-12,0,No,78,42888.0
2,S3,L1,R3,2018-07-13,0,No,73,39516.0
2,S3,L1,R3,2018-07-14,1,No,87,39516.0
2,S3,L1,R3,2018-07-15,0,Yes,127,74871.0
2,S3,L1,R3,2018-07-16,0,Yes,93,54348.0
2,S3,L1,R3,2018-07-17,0,Yes,96,57942.0
2,S3,L1,R3,2018-07-18,0,Yes,93,55092.0
2,S3,L1,R3,2018-07-19,0,Yes,96,59967.0
2,S3,L1,R3,2018-07-20,0,No,72,41796.0
2,S3,L1,R3,2018-07-21,0,Yes,110,68073.0
2,S3,L1,R3,2018-07-22,0,Yes,106,61836.0
2,S3,L1,R3,2018-07-23,0,Yes,83,50301.0
2,S3,L1,R3,2018-07-24,0,Yes,87,51981.0
2,S3,L1,R3,2018-07-25,0,Yes,85,52308.0
2,S3,L1,R3,2018-07-26,0,No,46,25977.0
2,S3,L1,R3,2018-07-27,0,No,73,39705.0
2,S3,L1,R3,2018-07-28,0,No,84,47289.0
2,S3,L1,R3,2018-07-29,0,No,78,43647.0
2,S3,L1,R3,2018-07-30,0,No,65,35355.0
2,S3,L1,R3,2018-07-31,0,No,71,39345.0
2,S3,L1,R3,2018-08-01,0,No,51,28641.0
2,S3,L1,R3,2018-08-02,0,Yes,77,46848.0
2,S3,L1,R3,2018-08-03,0,Yes,80,46680.0
2,S3,L1,R3,2018-08-04,0,Yes,93,56388.0
2,S3,L1,R3,2018-08-05,0,Yes,101,61941.0
2,S3,L1,R3,2018-08-06,0,Yes,83,50529.0
2,S3,L1,R3,2018-08-07,0,No,47,26475.0
2,S3,L1,R3,2018-08-08,0,Yes,84,49473.0
2,S3,L1,R3,2018-08-09,0,Yes,83,49176.0
2,S3,L1,R3,2018-08-10,0,Yes,89,54276.0
2,S3,L1,R3,2018-08-11,0,Yes,108,68190.0
2,S3,L1,R3,2018-08-12,0,Yes,119,74001.0
2,S3,L1,R3,2018-08-13,0,No,82,45054.0
2,S3,L1,R3,2018-08-14,0,No,71,37401.0
2,S3,L1,R3,2018-08-15,1,No,28,14586.39
2,S3,L1,R3,2018-08-16,0,No,63,33315.0
2,S3,L1,R3,2018-08-17,1,No,62,32648.7
2,S3,L1,R3,2018-08-18,0,No,50,26463.0
2,S3,L1,R3,2018-08-19,0,Yes,87,48924.0
2,S3,L1,R3,2018-08-20,0,Yes,78,45171.0
2,S3,L1,R3,2018-08-21,0,Yes,73,44280.0
2,S3,L1,R3,2018-08-22,1,Yes,61,36752.4
2,S3,L1,R3,2018-08-23,0,Yes,81,49218.0
2,S3,L1,R3,2018-08-24,0,No,42,22821.0
2,S3,L1,R3,2018-08-25,1,No,47,21679.95
2,S3,L1,R3,2018-08-26,1,No,49,27500.22
2,S3,L1,R3,2018-08-27,0,No,63,34194.0
2,S3,L1,R3,2018-08-28,0,No,69,36162.0
2,S3,L1,R3,2018-08-29,0,No,67,35295.0
2,S3,L1,R3,2018-08-30,0,No,42,23691.0
2,S3,L1,R3,2018-08-31,0,Yes,80,46404.0
2,S3,L1,R3,2018-09-01,0,Yes,89,52377.0
2,S3,L1,R3,2018-09-02,0,Yes,97,59796.0
2,S3,L1,R3,2018-09-03,1,Yes,80,57404.16
2,S3,L1,R3,2018-09-04,0,Yes,98,61254.0
2,S3,L1,R3,2018-09-05,0,No,62,34920.0
2,S3,L1,R3,2018-09-06,0,Yes,93,53805.0
2,S3,L1,R3,2018-09-07,0,Yes,85,50523.0
2,S3,L1,R3,2018-09-08,0,Yes,126,81774.0
2,S3,L1,R3,2018-09-09,0,Yes,112,69615.0
2,S3,L1,R3,2018-09-10,0,No,43,24468.0
2,S3,L1,R3,2018-09-11,0,No,65,34299.0
2,S3,L1,R3,2018-09-12,0,No,62,32565.0
2,S3,L1,R3,2018-09-13,1,No,49,25075.050000000003
2,S3,L1,R3,2018-09-14,0,No,69,35958.0
2,S3,L1,R3,2018-09-15,0,No,67,37125.0
2,S3,L1,R3,2018-09-16,0,No,47,26739.0
2,S3,L1,R3,2018-09-17,0,Yes,80,47277.0
2,S3,L1,R3,2018-09-18,0,Yes,77,45939.0
2,S3,L1,R3,2018-09-19,0,Yes,79,47952.0
2,S3,L1,R3,2018-09-20,0,Yes,87,52191.0
2,S3,L1,R3,2018-09-21,1,Yes,85,50625.27
2,S3,L1,R3,2018-09-22,0,No,51,28767.0
2,S3,L1,R3,2018-09-23,0,No,81,45009.0
2,S3,L1,R3,2018-09-24,0,No,72,37887.0
2,S3,L1,R3,2018-09-25,0,No,65,35262.0
2,S3,L1,R3,2018-09-26,0,No,73,39894.0
2,S3,L1,R3,2018-09-27,0,No,71,39603.0
2,S3,L1,R3,2018-09-28,0,No,43,23856.0
2,S3,L1,R3,2018-09-29,0,Yes,79,47520.0
2,S3,L1,R3,2018-09-30,0,Yes,93,55290.0
2,S3,L1,R3,2018-10-01,0,Yes,84,51267.0
2,S3,L1,R3,2018-10-02,1,Yes,71,43064.28
2,S3,L1,R3,2018-10-03,0,Yes,96,60897.0
2,S3,L1,R3,2018-10-04,0,No,47,27216.0
2,S3,L1,R3,2018-10-05,0,No,75,43167.0
2,S3,L1,R3,2018-10-06,0,No,82,44574.0
2,S3,L1,R3,2018-10-07,0,No,76,41187.0
2,S3,L1,R3,2018-10-08,0,No,69,37698.0
2,S3,L1,R3,2018-10-09,0,No,70,37269.0
2,S3,L1,R3,2018-10-10,0,No,45,24804.0
2,S3,L1,R3,2018-10-11,0,Yes,75,42390.0
2,S3,L1,R3,2018-10-12,0,Yes,76,43839.0
2,S3,L1,R3,2018-10-13,0,Yes,98,56820.0
2,S3,L1,R3,2018-10-14,0,Yes,102,62634.0
2,S3,L1,R3,2018-10-15,0,Yes,88,54414.0
2,S3,L1,R3,2018-10-16,1,No,88,54414.0
2,S3,L1,R3,2018-10-17,1,No,29,15672.96
2,S3,L1,R3,2018-10-18,1,No,48,25490.4
2,S3,L1,R3,2018-10-19,1,No,43,23409.36
2,S3,L1,R3,2018-10-20,0,No,81,43863.0
2,S3,L1,R3,2018-10-21,0,No,90,48441.0
2,S3,L1,R3,2018-10-22,0,No,40,21633.0
2,S3,L1,R3,2018-10-23,0,Yes,76,43089.0
2,S3,L1,R3,2018-10-24,1,Yes,74,42227.22
2,S3,L1,R3,2018-10-25,0,Yes,79,46437.0
2,S3,L1,R3,2018-10-26,0,Yes,86,52182.0
2,S3,L1,R3,2018-10-27,1,Yes,101,51660.18000000001
2,S3,L1,R3,2018-10-28,0,No,54,31212.0
2,S3,L1,R3,2018-10-29,0,Yes,78,47289.0
2,S3,L1,R3,2018-10-30,0,Yes,87,52983.0
2,S3,L1,R3,2018-10-31,0,Yes,80,49467.0
2,S3,L1,R3,2018-11-01,0,Yes,74,44691.0
2,S3,L1,R3,2018-11-02,0,Yes,78,49944.0
2,S3,L1,R3,2018-11-03,0,No,52,30519.0
2,S3,L1,R3,2018-11-04,0,No,66,35277.0
2,S3,L1,R3,2018-11-05,0,No,60,33507.0
2,S3,L1,R3,2018-11-06,1,No,57,32166.72
2,S3,L1,R3,2018-11-07,1,No,10,5862.06
2,S3,L1,R3,2018-11-08,1,No,12,7027.200000000001
2,S3,L1,R3,2018-11-09,1,No,11,6835.5
2,S3,L1,R3,2018-11-10,0,Yes,82,48819.0
2,S3,L1,R3,2018-11-11,0,Yes,95,56475.0
2,S3,L1,R3,2018-11-12,0,Yes,83,49098.0
2,S3,L1,R3,2018-11-13,1,Yes,83,49098.0
2,S3,L1,R3,2018-11-14,0,Yes,83,51213.0
2,S3,L1,R3,2018-11-15,0,No,43,25344.0
2,S3,L1,R3,2018-11-16,0,No,71,40773.0
2,S3,L1,R3,2018-11-17,0,No,83,48642.0
2,S3,L1,R3,2018-11-18,0,No,67,37932.0
2,S3,L1,R3,2018-11-19,0,No,60,33387.0
2,S3,L1,R3,2018-11-20,0,No,78,44172.0
2,S3,L1,R3,2018-11-21,1,No,74,41963.4
2,S3,L1,R3,2018-11-22,0,Yes,81,47115.0
2,S3,L1,R3,2018-11-23,1,Yes,81,47115.0
2,S3,L1,R3,2018-11-24,1,Yes,77,38651.7
2,S3,L1,R3,2018-11-25,0,Yes,100,60294.0
2,S3,L1,R3,2018-11-26,0,Yes,119,82857.0
2,S3,L1,R3,2018-11-27,0,No,63,36456.0
2,S3,L1,R3,2018-11-28,0,No,62,34176.0
2,S3,L1,R3,2018-11-29,0,No,66,37158.0
2,S3,L1,R3,2018-11-30,0,No,70,38004.0
2,S3,L1,R3,2018-12-01,0,No,78,43182.0
2,S3,L1,R3,2018-12-02,0,No,79,42522.0
2,S3,L1,R3,2018-12-03,0,No,46,26694.0
2,S3,L1,R3,2018-12-04,0,Yes,96,58116.0
2,S3,L1,R3,2018-12-05,0,Yes,87,54024.0
2,S3,L1,R3,2018-12-06,0,Yes,97,60057.0
2,S3,L1,R3,2018-12-07,0,Yes,92,58497.0
2,S3,L1,R3,2018-12-08,0,No,54,32805.0
2,S3,L1,R3,2018-12-09,0,No,85,48189.0
2,S3,L1,R3,2018-12-10,0,No,78,44127.0
2,S3,L1,R3,2018-12-11,0,No,68,38361.0
2,S3,L1,R3,2018-12-12,0,No,73,39423.0
2,S3,L1,R3,2018-12-13,0,No,57,31839.0
2,S3,L1,R3,2018-12-14,0,Yes,81,48585.0
2,S3,L1,R3,2018-12-15,0,Yes,93,57303.0
2,S3,L1,R3,2018-12-16,0,Yes,96,68616.0
2,S3,L1,R3,2018-12-17,0,Yes,91,68820.0
2,S3,L1,R3,2018-12-18,0,Yes,101,76938.0
2,S3,L1,R3,2018-12-19,0,No,51,36105.0
2,S3,L1,R3,2018-12-20,0,No,96,66465.0
2,S3,L1,R3,2018-12-21,0,No,61,40680.0
2,S3,L1,R3,2018-12-22,0,No,69,45438.0
2,S3,L1,R3,2018-12-23,0,No,80,53889.0
2,S3,L1,R3,2018-12-24,1,No,68,52272.33
2,S3,L1,R3,2018-12-25,1,Yes,6,4596.75
2,S3,L1,R3,2018-12-26,0,Yes,75,52809.0
2,S3,L1,R3,2018-12-27,0,Yes,76,54273.0
2,S3,L1,R3,2018-12-28,0,Yes,86,60453.0
2,S3,L1,R3,2018-12-29,0,Yes,106,77871.0
2,S3,L1,R3,2018-12-30,0,No,51,34224.0
2,S3,L1,R3,2018-12-31,0,No,71,47043.0
2,S3,L1,R3,2019-01-01,1,No,62,40927.41
2,S3,L1,R3,2019-01-02,0,No,66,43266.0
2,S3,L1,R3,2019-01-03,0,No,72,48948.0
2,S3,L1,R3,2019-01-04,0,No,59,37722.0
2,S3,L1,R3,2019-01-05,0,No,82,56436.0
2,S3,L1,R3,2019-01-06,0,Yes,92,67023.0
2,S3,L1,R3,2019-01-07,0,Yes,79,56202.0
2,S3,L1,R3,2019-01-08,0,Yes,85,62163.0
2,S3,L1,R3,2019-01-09,0,Yes,89,65274.0
2,S3,L1,R3,2019-01-10,0,Yes,92,68028.0
2,S3,L1,R3,2019-01-11,0,No,55,38502.0
2,S3,L1,R3,2019-01-12,0,Yes,122,93519.0
2,S3,L1,R3,2019-01-13,1,Yes,118,90713.43
2,S3,L1,R3,2019-01-14,1,Yes,73,64152.0
2,S3,L1,R3,2019-01-15,1,Yes,64,46724.04
2,S3,L1,R3,2019-01-16,0,No,44,25008.0
2,S3,L1,R3,2019-01-17,0,No,67,35913.0
2,S3,L1,R3,2019-01-18,0,No,68,36687.0
2,S3,L1,R3,2019-01-19,0,No,81,43899.0
2,S3,L1,R3,2019-01-20,0,No,93,49530.0
2,S3,L1,R3,2019-01-21,0,No,69,38082.0
2,S3,L1,R3,2019-01-22,0,Yes,94,53307.0
2,S3,L1,R3,2019-01-23,0,Yes,95,56553.0
2,S3,L1,R3,2019-01-24,0,Yes,95,58593.0
2,S3,L1,R3,2019-01-25,0,Yes,93,58209.0
2,S3,L1,R3,2019-01-26,1,No,65,34925.399999999994
2,S3,L1,R3,2019-01-27,0,No,80,46476.0
2,S3,L1,R3,2019-01-28,0,No,70,38049.0
2,S3,L1,R3,2019-01-29,0,No,65,35817.0
2,S3,L1,R3,2019-01-30,0,No,62,34494.0
2,S3,L1,R3,2019-01-31,0,No,67,35493.0
2,S3,L1,R3,2019-02-01,0,No,43,24732.0
2,S3,L1,R3,2019-02-02,0,Yes,98,56043.0
2,S3,L1,R3,2019-02-03,0,Yes,98,56133.0
2,S3,L1,R3,2019-02-04,0,Yes,79,46173.0
2,S3,L1,R3,2019-02-05,0,Yes,80,44520.0
2,S3,L1,R3,2019-02-06,0,Yes,116,75594.0
2,S3,L1,R3,2019-02-07,0,No,46,26580.0
2,S3,L1,R3,2019-02-08,0,No,73,40692.0
2,S3,L1,R3,2019-02-09,0,No,74,40068.0
2,S3,L1,R3,2019-02-10,1,No,71,37663.92
2,S3,L1,R3,2019-02-11,0,No,69,36381.0
2,S3,L1,R3,2019-02-12,0,No,69,36624.0
2,S3,L1,R3,2019-02-13,0,No,47,27267.0
2,S3,L1,R3,2019-02-14,0,Yes,71,41625.0
2,S3,L1,R3,2019-02-15,0,Yes,79,46050.0
2,S3,L1,R3,2019-02-16,0,Yes,100,59637.0
2,S3,L1,R3,2019-02-17,0,Yes,99,62589.0
2,S3,L1,R3,2019-02-18,0,Yes,90,54702.0
2,S3,L1,R3,2019-02-19,1,No,90,54702.0
2,S3,L1,R3,2019-02-20,0,No,70,39885.0
2,S3,L1,R3,2019-02-21,0,No,71,36324.0
2,S3,L1,R3,2019-02-22,0,No,64,34323.0
2,S3,L1,R3,2019-02-23,0,No,80,43371.0
2,S3,L1,R3,2019-02-24,0,No,80,42330.0
2,S3,L1,R3,2019-02-25,0,No,42,23001.0
2,S3,L1,R3,2019-02-26,0,Yes,86,50793.0
2,S3,L1,R3,2019-02-27,0,Yes,83,49470.0
2,S3,L1,R3,2019-02-28,0,Yes,87,52941.0
2,S3,L1,R3,2019-03-01,1,Yes,82,49764.54
2,S3,L1,R3,2019-03-02,0,Yes,119,75792.0
2,S3,L1,R3,2019-03-03,0,No,63,35781.0
2,S3,L1,R3,2019-03-04,1,No,51,34349.76
2,S3,L1,R3,2019-03-05,0,No,68,36492.0
2,S3,L1,R3,2019-03-06,0,No,64,32940.0
2,S3,L1,R3,2019-03-07,0,No,68,34974.0
2,S3,L1,R3,2019-03-08,0,No,67,35583.0
2,S3,L1,R3,2019-03-09,0,No,55,31263.0
2,S3,L1,R3,2019-03-10,0,Yes,93,54873.0
2,S3,L1,R3,2019-03-11,0,Yes,76,43374.0
2,S3,L1,R3,2019-03-12,0,Yes,81,48828.0
2,S3,L1,R3,2019-03-13,0,Yes,84,50436.0
2,S3,L1,R3,2019-03-14,0,Yes,98,59730.0
2,S3,L1,R3,2019-03-15,0,No,41,23829.0
2,S3,L1,R3,2019-03-16,0,No,89,48648.0
2,S3,L1,R3,2019-03-17,0,No,80,42378.0
2,S3,L1,R3,2019-03-18,0,No,71,38325.0
2,S3,L1,R3,2019-03-19,0,No,66,34491.0
2,S3,L1,R3,2019-03-20,1,No,63,33111.36
2,S3,L1,R3,2019-03-21,1,No,10,5312.460000000001
2,S3,L1,R3,2019-03-22,0,Yes,76,44604.0
2,S3,L1,R3,2019-03-23,0,Yes,96,57348.0
2,S3,L1,R3,2019-03-24,0,Yes,98,58281.0
2,S3,L1,R3,2019-03-25,0,Yes,91,57672.0
2,S3,L1,R3,2019-03-26,0,Yes,103,66483.0
2,S3,L1,R3,2019-03-27,0,No,49,29874.0
2,S3,L1,R3,2019-03-28,0,No,81,48651.0
2,S3,L1,R3,2019-03-29,0,No,65,35397.0
2,S3,L1,R3,2019-03-30,0,No,72,39531.0
2,S3,L1,R3,2019-03-31,0,No,73,39348.0
2,S3,L1,R3,2019-04-01,0,No,63,32796.0
2,S3,L1,R3,2019-04-02,0,No,44,23448.0
2,S3,L1,R3,2019-04-03,0,Yes,74,43383.0
2,S3,L1,R3,2019-04-04,0,Yes,79,47541.0
2,S3,L1,R3,2019-04-05,0,Yes,100,59106.0
2,S3,L1,R3,2019-04-06,1,Yes,113,57923.88
2,S3,L1,R3,2019-04-07,0,Yes,110,69669.0
2,S3,L1,R3,2019-04-08,0,No,44,26166.0
2,S3,L1,R3,2019-04-09,0,No,66,35145.0
2,S3,L1,R3,2019-04-10,0,No,68,36615.0
2,S3,L1,R3,2019-04-11,0,No,66,35439.0
2,S3,L1,R3,2019-04-12,0,No,64,34242.0
2,S3,L1,R3,2019-04-13,1,No,74,33214.74
2,S3,L1,R3,2019-04-14,1,No,56,30546.24
2,S3,L1,R3,2019-04-15,1,Yes,34,23247.45
2,S3,L1,R3,2019-04-16,0,Yes,74,43533.0
2,S3,L1,R3,2019-04-17,1,Yes,70,40921.02
2,S3,L1,R3,2019-04-18,0,Yes,99,63345.0
2,S3,L1,R3,2019-04-19,1,Yes,97,62078.100000000006
2,S3,L1,R3,2019-04-20,0,No,62,35742.0
2,S3,L1,R3,2019-04-21,1,No,60,33597.48
2,S3,L1,R3,2019-04-22,0,No,69,37809.0
2,S3,L1,R3,2019-04-23,0,No,46,26133.0
2,S3,L1,R3,2019-04-24,0,No,116,66459.0
2,S3,L1,R3,2019-04-25,0,No,42,24381.0
2,S3,L1,R3,2019-04-26,0,No,96,53454.0
2,S3,L1,R3,2019-04-27,0,No,72,37911.0
2,S3,L1,R3,2019-04-28,0,No,183,107088.0
2,S3,L1,R3,2019-04-29,0,No,99,54555.0
2,S3,L1,R3,2019-04-30,0,Yes,122,73866.0
2,S3,L1,R3,2019-05-01,0,Yes,110,72282.0
2,S3,L1,R3,2019-05-02,0,Yes,119,82467.0
2,S3,L1,R3,2019-05-03,0,Yes,128,92046.0
2,S3,L1,R3,2019-05-04,0,Yes,147,108900.0
2,S3,L1,R3,2019-05-05,0,No,83,55101.0
2,S3,L1,R3,2019-05-06,0,No,87,53475.0
2,S3,L1,R3,2019-05-07,0,No,85,51813.0
2,S3,L1,R3,2019-05-08,0,No,88,55260.0
2,S3,L1,R3,2019-05-09,1,No,84,52497.0
2,S3,L1,R3,2019-05-10,0,No,71,42462.0
2,S3,L1,R3,2019-05-11,0,No,102,63480.0
2,S3,L1,R3,2019-05-12,0,Yes,101,66963.0
2,S3,L1,R3,2019-05-13,0,Yes,72,50877.0
2,S3,L1,R3,2019-05-14,0,Yes,94,64188.0
2,S3,L1,R3,2019-05-15,0,Yes,103,70140.0
2,S3,L1,R3,2019-05-16,0,Yes,109,77661.0
2,S3,L1,R3,2019-05-17,0,No,75,48888.0
2,S3,L1,R3,2019-05-18,1,No,85,45954.72
2,S3,L1,R3,2019-05-19,0,No,93,55767.0
2,S3,L1,R3,2019-05-20,0,No,66,42342.0
2,S3,L1,R3,2019-05-21,0,No,73,44385.0
2,S3,L1,R3,2019-05-22,0,No,73,44712.0
2,S3,L1,R3,2019-05-23,0,No,48,30135.0
2,S3,L1,R3,2019-05-24,0,Yes,80,52977.0
2,S3,L1,R3,2019-05-25,0,Yes,96,62919.0
2,S3,L1,R3,2019-05-26,0,Yes,101,68364.0
2,S3,L1,R3,2019-05-27,0,Yes,90,60093.0
2,S3,L1,R3,2019-05-28,0,Yes,93,63969.0
2,S3,L1,R3,2019-05-29,0,No,45,28233.0
2,S3,L1,R3,2019-05-30,0,No,74,44817.0
2,S3,L1,R3,2019-05-31,1,No,72,43472.49
3,S4,L2,R1,2018-01-01,1,Yes,72,57288.0
3,S4,L2,R1,2018-01-02,0,Yes,87,58929.0
3,S4,L2,R1,2018-01-03,0,Yes,106,69603.0
3,S4,L2,R1,2018-01-04,0,Yes,93,59721.0
3,S4,L2,R1,2018-01-05,0,Yes,107,71355.0
3,S4,L2,R1,2018-01-06,0,No,75,48075.0
3,S4,L2,R1,2018-01-07,0,No,100,64272.0
3,S4,L2,R1,2018-01-08,0,No,91,55965.0
3,S4,L2,R1,2018-01-09,0,No,99,62787.0
3,S4,L2,R1,2018-01-10,0,No,93,57222.0
3,S4,L2,R1,2018-01-11,0,No,106,67170.0
3,S4,L2,R1,2018-01-12,0,No,81,50652.0
3,S4,L2,R1,2018-01-13,0,Yes,121,77724.0
3,S4,L2,R1,2018-01-14,1,Yes,115,73837.79999999999
3,S4,L2,R1,2018-01-15,0,Yes,119,78999.0
3,S4,L2,R1,2018-01-16,0,Yes,122,64737.0
3,S4,L2,R1,2018-01-17,0,Yes,127,69402.0
3,S4,L2,R1,2018-01-18,0,No,76,40158.0
3,S4,L2,R1,2018-01-19,0,No,104,52377.0
3,S4,L2,R1,2018-01-20,0,No,117,58392.0
3,S4,L2,R1,2018-01-21,0,No,126,62718.0
3,S4,L2,R1,2018-01-22,1,No,106,61463.64
3,S4,L2,R1,2018-01-23,0,No,115,56055.0
3,S4,L2,R1,2018-01-24,0,No,81,40476.0
3,S4,L2,R1,2018-01-25,0,Yes,113,57087.0
3,S4,L2,R1,2018-01-26,1,Yes,79,39390.03
3,S4,L2,R1,2018-01-27,0,Yes,152,80388.0
3,S4,L2,R1,2018-01-28,0,Yes,157,89475.0
3,S4,L2,R1,2018-01-29,0,Yes,131,73428.0
3,S4,L2,R1,2018-01-30,0,No,77,41223.0
3,S4,L2,R1,2018-01-31,1,No,77,41223.0
3,S4,L2,R1,2018-02-01,0,No,94,46416.0
3,S4,L2,R1,2018-02-02,0,No,91,44676.0
3,S4,L2,R1,2018-02-03,0,No,110,54453.0
3,S4,L2,R1,2018-02-04,0,No,113,55842.0
3,S4,L2,R1,2018-02-05,0,No,76,38709.0
3,S4,L2,R1,2018-02-06,0,Yes,96,48846.0
3,S4,L2,R1,2018-02-07,0,Yes,97,49131.0
3,S4,L2,R1,2018-02-08,0,Yes,117,60891.0
3,S4,L2,R1,2018-02-09,0,Yes,116,61500.0
3,S4,L2,R1,2018-02-10,1,Yes,127,57810.0
3,S4,L2,R1,2018-02-11,0,No,97,50004.0
3,S4,L2,R1,2018-02-12,0,No,95,46959.0
3,S4,L2,R1,2018-02-13,0,No,99,49182.0
3,S4,L2,R1,2018-02-14,1,No,96,47706.54
3,S4,L2,R1,2018-02-15,0,No,104,50634.0
3,S4,L2,R1,2018-02-16,0,No,105,52854.0
3,S4,L2,R1,2018-02-17,0,No,88,45831.0
3,S4,L2,R1,2018-02-18,0,Yes,136,67794.0
3,S4,L2,R1,2018-02-19,1,Yes,112,66438.12
3,S4,L2,R1,2018-02-20,0,Yes,127,66567.0
3,S4,L2,R1,2018-02-21,0,Yes,107,56136.0
3,S4,L2,R1,2018-02-22,0,Yes,138,75504.0
3,S4,L2,R1,2018-02-23,0,No,81,44160.0
3,S4,L2,R1,2018-02-24,0,No,137,71157.0
3,S4,L2,R1,2018-02-25,0,No,116,61107.0
3,S4,L2,R1,2018-02-26,0,No,110,53862.0
3,S4,L2,R1,2018-02-27,0,No,107,53760.0
3,S4,L2,R1,2018-02-28,0,No,77,39123.0
3,S4,L2,R1,2018-03-01,1,Yes,73,36775.62
3,S4,L2,R1,2018-03-02,1,Yes,16,8459.64
3,S4,L2,R1,2018-03-03,0,Yes,137,73506.0
3,S4,L2,R1,2018-03-04,0,Yes,121,62328.0
3,S4,L2,R1,2018-03-05,0,Yes,120,63543.0
3,S4,L2,R1,2018-03-06,0,No,71,36711.0
3,S4,L2,R1,2018-03-07,0,No,117,60633.0
3,S4,L2,R1,2018-03-08,0,No,123,61968.0
3,S4,L2,R1,2018-03-09,0,No,96,48645.0
3,S4,L2,R1,2018-03-10,0,No,136,66384.0
3,S4,L2,R1,2018-03-11,0,No,94,50349.0
3,S4,L2,R1,2018-03-12,0,Yes,118,60588.0
3,S4,L2,R1,2018-03-13,0,Yes,112,57147.0
3,S4,L2,R1,2018-03-14,0,Yes,128,65214.0
3,S4,L2,R1,2018-03-15,0,Yes,105,54840.0
3,S4,L2,R1,2018-03-16,0,Yes,127,66747.0
3,S4,L2,R1,2018-03-17,0,No,127,67194.0
3,S4,L2,R1,2018-03-18,1,Yes,121,63834.3
3,S4,L2,R1,2018-03-19,0,Yes,129,67509.0
3,S4,L2,R1,2018-03-20,0,Yes,117,60240.0
3,S4,L2,R1,2018-03-21,0,Yes,114,60201.0
3,S4,L2,R1,2018-03-22,0,No,72,36498.0
3,S4,L2,R1,2018-03-23,0,No,94,45567.0
3,S4,L2,R1,2018-03-24,0,No,112,56799.0
3,S4,L2,R1,2018-03-25,1,No,110,53959.05
3,S4,L2,R1,2018-03-26,0,No,100,48927.0
3,S4,L2,R1,2018-03-27,0,No,108,52218.0
3,S4,L2,R1,2018-03-28,0,No,77,39183.0
3,S4,L2,R1,2018-03-29,1,Yes,75,38007.51
3,S4,L2,R1,2018-03-30,1,Yes,76,38834.46
3,S4,L2,R1,2018-03-31,0,Yes,132,70734.0
3,S4,L2,R1,2018-04-01,1,Yes,126,66489.95999999999
3,S4,L2,R1,2018-04-02,0,Yes,115,63405.0
3,S4,L2,R1,2018-04-03,0,No,78,40230.0
3,S4,L2,R1,2018-04-04,0,No,99,49632.0
3,S4,L2,R1,2018-04-05,0,No,101,50079.0
3,S4,L2,R1,2018-04-06,0,No,114,58245.0
3,S4,L2,R1,2018-04-07,0,No,135,67884.0
3,S4,L2,R1,2018-04-08,0,No,150,83241.0
3,S4,L2,R1,2018-04-09,0,Yes,152,85200.0
3,S4,L2,R1,2018-04-10,0,Yes,139,78549.0
3,S4,L2,R1,2018-04-11,0,Yes,120,70215.0
3,S4,L2,R1,2018-04-12,0,Yes,122,70986.0
3,S4,L2,R1,2018-04-13,0,No,88,46446.0
3,S4,L2,R1,2018-04-14,1,No,99,45052.62
3,S4,L2,R1,2018-04-15,1,No,83,43009.350000000006
3,S4,L2,R1,2018-04-16,0,No,107,54087.0
3,S4,L2,R1,2018-04-17,0,No,99,49893.0
3,S4,L2,R1,2018-04-18,0,No,107,53787.0
3,S4,L2,R1,2018-04-19,0,No,67,35418.0
3,S4,L2,R1,2018-04-20,0,Yes,100,51180.0
3,S4,L2,R1,2018-04-21,0,Yes,124,63498.0
3,S4,L2,R1,2018-04-22,0,Yes,146,75270.0
3,S4,L2,R1,2018-04-23,0,Yes,117,60780.0
3,S4,L2,R1,2018-04-24,0,Yes,128,69048.0
3,S4,L2,R1,2018-04-25,0,No,83,43218.0
3,S4,L2,R1,2018-04-26,0,No,101,51054.0
3,S4,L2,R1,2018-04-27,0,No,102,50214.0
3,S4,L2,R1,2018-04-28,0,No,134,67341.0
3,S4,L2,R1,2018-04-29,0,No,125,61737.0
3,S4,L2,R1,2018-04-30,1,No,107,61737.0
3,S4,L2,R1,2018-05-01,0,No,84,48753.0
3,S4,L2,R1,2018-05-02,0,Yes,106,61572.0
3,S4,L2,R1,2018-05-03,0,Yes,116,66093.0
3,S4,L2,R1,2018-05-04,0,Yes,115,67752.0
3,S4,L2,R1,2018-05-05,0,Yes,138,81528.0
3,S4,L2,R1,2018-05-06,0,Yes,140,88224.0
3,S4,L2,R1,2018-05-07,0,No,96,55758.0
3,S4,L2,R1,2018-05-08,0,No,103,61545.0
3,S4,L2,R1,2018-05-09,1,No,101,60314.100000000006
3,S4,L2,R1,2018-05-10,0,No,106,59613.0
3,S4,L2,R1,2018-05-11,0,No,93,51003.0
3,S4,L2,R1,2018-05-12,0,No,111,62202.0
3,S4,L2,R1,2018-05-13,0,No,84,50358.0
3,S4,L2,R1,2018-05-14,0,Yes,90,52326.0
3,S4,L2,R1,2018-05-15,0,Yes,109,62223.0
3,S4,L2,R1,2018-05-16,0,Yes,111,63825.0
3,S4,L2,R1,2018-05-17,0,Yes,103,59445.0
3,S4,L2,R1,2018-05-18,0,Yes,118,72651.0
3,S4,L2,R1,2018-05-19,0,No,105,62163.0
3,S4,L2,R1,2018-05-20,0,No,128,73350.0
3,S4,L2,R1,2018-05-21,0,No,103,57330.0
3,S4,L2,R1,2018-05-22,0,No,109,60222.0
3,S4,L2,R1,2018-05-23,0,No,106,58776.0
3,S4,L2,R1,2018-05-24,0,No,102,56190.0
3,S4,L2,R1,2018-05-25,0,No,84,48219.0
3,S4,L2,R1,2018-05-26,0,Yes,129,76737.0
3,S4,L2,R1,2018-05-27,0,Yes,125,72930.0
3,S4,L2,R1,2018-05-28,0,Yes,124,72579.0
3,S4,L2,R1,2018-05-29,0,Yes,120,70449.0
3,S4,L2,R1,2018-05-30,0,Yes,135,81261.0
3,S4,L2,R1,2018-05-31,0,No,91,56331.0
3,S4,L2,R1,2018-06-01,0,Yes,126,76140.0
3,S4,L2,R1,2018-06-02,0,Yes,97,59313.0
3,S4,L2,R1,2018-06-03,0,Yes,117,69585.0
3,S4,L2,R1,2018-06-04,0,Yes,116,67443.0
3,S4,L2,R1,2018-06-05,0,Yes,96,57660.0
3,S4,L2,R1,2018-06-06,0,No,63,37380.0
3,S4,L2,R1,2018-06-07,0,No,93,50961.0
3,S4,L2,R1,2018-06-08,0,No,101,55266.0
3,S4,L2,R1,2018-06-09,0,No,128,72609.0
3,S4,L2,R1,2018-06-10,0,No,114,62646.0
3,S4,L2,R1,2018-06-11,0,No,92,50181.0
3,S4,L2,R1,2018-06-12,0,No,88,50577.0
3,S4,L2,R1,2018-06-13,0,Yes,115,67290.0
3,S4,L2,R1,2018-06-14,0,Yes,90,52989.0
3,S4,L2,R1,2018-06-15,1,Yes,88,51929.22
3,S4,L2,R1,2018-06-16,1,Yes,67,33177.06
3,S4,L2,R1,2018-06-17,0,Yes,116,71079.0
3,S4,L2,R1,2018-06-18,0,No,55,32241.0
3,S4,L2,R1,2018-06-19,0,Yes,72,42519.0
3,S4,L2,R1,2018-06-20,0,Yes,99,57378.0
3,S4,L2,R1,2018-06-21,0,Yes,121,73002.0
3,S4,L2,R1,2018-06-22,0,Yes,119,71364.0
3,S4,L2,R1,2018-06-23,0,Yes,151,89445.0
3,S4,L2,R1,2018-06-24,0,No,77,46134.0
3,S4,L2,R1,2018-06-25,0,No,121,67383.0
3,S4,L2,R1,2018-06-26,0,No,54,31140.0
3,S4,L2,R1,2018-06-27,0,No,137,81678.0
3,S4,L2,R1,2018-06-28,0,No,137,80082.0
3,S4,L2,R1,2018-06-29,0,No,125,72708.0
3,S4,L2,R1,2018-06-30,0,No,95,57936.0
3,S4,L2,R1,2018-07-01,0,No,231,129390.0
3,S4,L2,R1,2018-07-02,0,No,188,106380.0
3,S4,L2,R1,2018-07-03,0,No,147,82275.0
3,S4,L2,R1,2018-07-04,0,Yes,180,99348.0
3,S4,L2,R1,2018-07-05,0,Yes,176,99288.0
3,S4,L2,R1,2018-07-06,0,Yes,176,100575.0
3,S4,L2,R1,2018-07-07,0,Yes,204,120048.0
3,S4,L2,R1,2018-07-08,0,Yes,207,126036.0
3,S4,L2,R1,2018-07-09,0,No,144,80580.0
3,S4,L2,R1,2018-07-10,0,No,108,59112.0
3,S4,L2,R1,2018-07-11,0,No,113,60798.0
3,S4,L2,R1,2018-07-12,0,No,126,65739.0
3,S4,L2,R1,2018-07-13,0,No,138,72699.0
3,S4,L2,R1,2018-07-14,1,No,154,69791.04000000001
3,S4,L2,R1,2018-07-15,0,No,173,90294.0
3,S4,L2,R1,2018-07-16,0,Yes,175,97956.0
3,S4,L2,R1,2018-07-17,0,Yes,153,86835.0
3,S4,L2,R1,2018-07-18,0,Yes,151,84342.0
3,S4,L2,R1,2018-07-19,0,Yes,147,82830.0
3,S4,L2,R1,2018-07-20,0,Yes,158,89871.0
3,S4,L2,R1,2018-07-21,0,No,209,114981.0
3,S4,L2,R1,2018-07-22,0,Yes,189,102822.0
3,S4,L2,R1,2018-07-23,0,Yes,135,74661.0
3,S4,L2,R1,2018-07-24,0,Yes,142,76149.0
3,S4,L2,R1,2018-07-25,0,Yes,136,72684.0
3,S4,L2,R1,2018-07-26,0,Yes,140,76854.0
3,S4,L2,R1,2018-07-27,0,No,92,50316.0
3,S4,L2,R1,2018-07-28,0,No,125,65262.0
3,S4,L2,R1,2018-07-29,0,No,127,65334.0
3,S4,L2,R1,2018-07-30,0,No,112,57087.0
3,S4,L2,R1,2018-07-31,0,No,100,50487.0
3,S4,L2,R1,2018-08-01,0,No,113,55413.0
3,S4,L2,R1,2018-08-02,0,No,87,46278.0
3,S4,L2,R1,2018-08-03,0,Yes,118,59406.0
3,S4,L2,R1,2018-08-04,0,Yes,134,68322.0
3,S4,L2,R1,2018-08-05,0,Yes,145,77292.0
3,S4,L2,R1,2018-08-06,0,Yes,119,62103.0
3,S4,L2,R1,2018-08-07,0,Yes,114,58887.0
3,S4,L2,R1,2018-08-08,0,No,96,50373.0
3,S4,L2,R1,2018-08-09,0,Yes,121,63582.0
3,S4,L2,R1,2018-08-10,0,Yes,117,61932.0
3,S4,L2,R1,2018-08-11,0,Yes,130,69906.0
3,S4,L2,R1,2018-08-12,0,Yes,140,74406.0
3,S4,L2,R1,2018-08-13,0,Yes,132,70902.0
3,S4,L2,R1,2018-08-14,0,No,95,49785.0
3,S4,L2,R1,2018-08-15,1,No,46,22901.1
3,S4,L2,R1,2018-08-16,0,No,104,53259.0
3,S4,L2,R1,2018-08-17,1,No,101,51661.23
3,S4,L2,R1,2018-08-18,0,No,114,57138.0
3,S4,L2,R1,2018-08-19,0,No,117,58416.0
3,S4,L2,R1,2018-08-20,0,No,68,35397.0
3,S4,L2,R1,2018-08-21,0,Yes,93,48477.0
3,S4,L2,R1,2018-08-22,1,Yes,80,41205.45
3,S4,L2,R1,2018-08-23,0,Yes,114,59142.0
3,S4,L2,R1,2018-08-24,0,Yes,92,47199.0
3,S4,L2,R1,2018-08-25,1,Yes,102,44839.05
3,S4,L2,R1,2018-08-26,1,No,88,48935.25
3,S4,L2,R1,2018-08-27,0,No,89,44541.0
3,S4,L2,R1,2018-08-28,0,No,94,46851.0
3,S4,L2,R1,2018-08-29,0,No,102,50397.0
3,S4,L2,R1,2018-08-30,0,No,101,50520.0
3,S4,L2,R1,2018-08-31,0,No,96,47739.0
3,S4,L2,R1,2018-09-01,0,No,96,48036.0
3,S4,L2,R1,2018-09-02,0,Yes,126,67263.0
3,S4,L2,R1,2018-09-03,1,Yes,107,65245.11
3,S4,L2,R1,2018-09-04,0,Yes,125,66048.0
3,S4,L2,R1,2018-09-05,0,Yes,99,52593.0
3,S4,L2,R1,2018-09-06,0,Yes,126,66819.0
3,S4,L2,R1,2018-09-07,0,No,105,55152.0
3,S4,L2,R1,2018-09-08,0,Yes,145,75357.0
3,S4,L2,R1,2018-09-09,0,Yes,164,83592.0
3,S4,L2,R1,2018-09-10,0,Yes,127,70221.0
3,S4,L2,R1,2018-09-11,0,Yes,127,65865.0
3,S4,L2,R1,2018-09-12,0,No,92,46440.0
3,S4,L2,R1,2018-09-13,1,No,81,40867.2
3,S4,L2,R1,2018-09-14,0,No,91,44064.0
3,S4,L2,R1,2018-09-15,0,No,121,59856.0
3,S4,L2,R1,2018-09-16,0,No,121,58308.0
3,S4,L2,R1,2018-09-17,0,No,107,52233.0
3,S4,L2,R1,2018-09-18,0,No,87,45183.0
3,S4,L2,R1,2018-09-19,0,Yes,106,53154.0
3,S4,L2,R1,2018-09-20,0,Yes,108,54846.0
3,S4,L2,R1,2018-09-21,1,Yes,101,51555.240000000005
3,S4,L2,R1,2018-09-22,0,Yes,144,71805.0
3,S4,L2,R1,2018-09-23,0,Yes,150,79581.0
3,S4,L2,R1,2018-09-24,0,No,83,41865.0
3,S4,L2,R1,2018-09-25,0,No,110,54822.0
3,S4,L2,R1,2018-09-26,0,No,111,53979.0
3,S4,L2,R1,2018-09-27,0,No,115,55125.0
3,S4,L2,R1,2018-09-28,0,No,107,52242.0
3,S4,L2,R1,2018-09-29,0,No,134,63573.0
3,S4,L2,R1,2018-09-30,0,No,106,53205.0
3,S4,L2,R1,2018-10-01,0,Yes,111,55548.0
3,S4,L2,R1,2018-10-02,1,Yes,87,42771.96
3,S4,L2,R1,2018-10-03,0,Yes,134,68403.0
3,S4,L2,R1,2018-10-04,0,Yes,133,68748.0
3,S4,L2,R1,2018-10-05,0,Yes,135,71817.0
3,S4,L2,R1,2018-10-06,0,No,112,56346.0
3,S4,L2,R1,2018-10-07,0,No,159,80508.0
3,S4,L2,R1,2018-10-08,0,No,127,62217.0
3,S4,L2,R1,2018-10-09,0,No,129,64317.0
3,S4,L2,R1,2018-10-10,0,No,138,68862.0
3,S4,L2,R1,2018-10-11,0,No,136,69969.0
3,S4,L2,R1,2018-10-12,0,No,86,44856.0
3,S4,L2,R1,2018-10-13,0,Yes,128,68175.0
3,S4,L2,R1,2018-10-14,0,Yes,130,69576.0
3,S4,L2,R1,2018-10-15,0,Yes,117,62442.0
3,S4,L2,R1,2018-10-16,1,Yes,115,61817.58
3,S4,L2,R1,2018-10-17,1,Yes,90,48663.45
3,S4,L2,R1,2018-10-18,1,No,78,43070.4
3,S4,L2,R1,2018-10-19,1,No,46,22811.25
3,S4,L2,R1,2018-10-20,0,No,113,57213.0
3,S4,L2,R1,2018-10-21,0,No,127,64749.0
3,S4,L2,R1,2018-10-22,0,No,107,54012.0
3,S4,L2,R1,2018-10-23,0,No,112,55983.0
3,S4,L2,R1,2018-10-24,1,No,105,52624.02
3,S4,L2,R1,2018-10-25,0,Yes,108,55752.0
3,S4,L2,R1,2018-10-26,0,Yes,109,55830.0
3,S4,L2,R1,2018-10-27,1,Yes,126,55271.7
3,S4,L2,R1,2018-10-28,0,Yes,149,77253.0
3,S4,L2,R1,2018-10-29,0,Yes,135,73719.0
3,S4,L2,R1,2018-10-30,0,No,83,43047.0
3,S4,L2,R1,2018-10-31,0,Yes,124,63954.0
3,S4,L2,R1,2018-11-01,0,Yes,131,72051.0
3,S4,L2,R1,2018-11-02,0,Yes,129,67752.0
3,S4,L2,R1,2018-11-03,0,Yes,130,67413.0
3,S4,L2,R1,2018-11-04,0,Yes,140,74178.0
3,S4,L2,R1,2018-11-05,0,No,71,35766.0
3,S4,L2,R1,2018-11-06,1,No,71,35766.0
3,S4,L2,R1,2018-11-07,1,No,13,6643.92
3,S4,L2,R1,2018-11-08,1,No,18,9260.46
3,S4,L2,R1,2018-11-09,1,No,19,10066.56
3,S4,L2,R1,2018-11-10,0,No,127,65640.0
3,S4,L2,R1,2018-11-11,0,No,90,44610.0
3,S4,L2,R1,2018-11-12,0,Yes,101,51819.0
3,S4,L2,R1,2018-11-13,1,Yes,98,50264.43000000001
3,S4,L2,R1,2018-11-14,0,Yes,120,63681.0
3,S4,L2,R1,2018-11-15,0,Yes,120,64167.0
3,S4,L2,R1,2018-11-16,0,Yes,117,63453.0
3,S4,L2,R1,2018-11-17,0,No,103,52278.0
3,S4,L2,R1,2018-11-18,0,No,123,62484.0
3,S4,L2,R1,2018-11-19,0,No,119,57816.0
3,S4,L2,R1,2018-11-20,0,No,120,59040.0
3,S4,L2,R1,2018-11-21,1,No,116,56678.4
3,S4,L2,R1,2018-11-22,0,No,122,60456.0
3,S4,L2,R1,2018-11-23,1,No,119,58642.31999999999
3,S4,L2,R1,2018-11-24,1,Yes,75,32301.9
3,S4,L2,R1,2018-11-25,0,Yes,142,74526.0
3,S4,L2,R1,2018-11-26,0,Yes,132,69900.0
3,S4,L2,R1,2018-11-27,0,Yes,123,65070.0
3,S4,L2,R1,2018-11-28,0,Yes,154,84540.0
3,S4,L2,R1,2018-11-29,0,No,75,39957.0
3,S4,L2,R1,2018-11-30,0,No,105,50622.0
3,S4,L2,R1,2018-12-01,0,No,117,57966.0
3,S4,L2,R1,2018-12-02,0,No,127,63657.0
3,S4,L2,R1,2018-12-03,0,No,98,48495.0
3,S4,L2,R1,2018-12-04,0,No,103,50082.0
3,S4,L2,R1,2018-12-05,0,No,82,42450.0
3,S4,L2,R1,2018-12-06,0,Yes,110,57063.0
3,S4,L2,R1,2018-12-07,0,Yes,111,57762.0
3,S4,L2,R1,2018-12-08,0,Yes,140,73569.0
3,S4,L2,R1,2018-12-09,0,Yes,133,69621.0
3,S4,L2,R1,2018-12-10,0,Yes,123,64086.0
3,S4,L2,R1,2018-12-11,0,No,89,45069.0
3,S4,L2,R1,2018-12-12,0,No,99,49179.0
3,S4,L2,R1,2018-12-13,0,No,118,58314.0
3,S4,L2,R1,2018-12-14,0,No,118,59553.0
3,S4,L2,R1,2018-12-15,0,No,143,70413.0
3,S4,L2,R1,2018-12-16,0,No,99,61197.0
3,S4,L2,R1,2018-12-17,0,Yes,120,75684.0
3,S4,L2,R1,2018-12-18,0,Yes,106,68505.0
3,S4,L2,R1,2018-12-19,0,Yes,128,80961.0
3,S4,L2,R1,2018-12-20,0,Yes,129,82095.0
3,S4,L2,R1,2018-12-21,0,Yes,139,88140.0
3,S4,L2,R1,2018-12-22,0,No,99,63540.0
3,S4,L2,R1,2018-12-23,0,No,161,103443.0
3,S4,L2,R1,2018-12-24,1,No,132,99305.28
3,S4,L2,R1,2018-12-25,1,No,16,9819.3
3,S4,L2,R1,2018-12-26,0,No,116,68925.0
3,S4,L2,R1,2018-12-27,0,No,83,51768.0
3,S4,L2,R1,2018-12-28,0,Yes,93,56250.0
3,S4,L2,R1,2018-12-29,0,Yes,126,77265.0
3,S4,L2,R1,2018-12-30,0,Yes,142,87057.0
3,S4,L2,R1,2018-12-31,0,Yes,116,71022.0
3,S4,L2,R1,2019-01-01,1,Yes,84,50425.62
3,S4,L2,R1,2019-01-02,0,No,79,49089.0
3,S4,L2,R1,2019-01-03,0,No,106,62781.0
3,S4,L2,R1,2019-01-04,0,No,108,64899.0
3,S4,L2,R1,2019-01-05,0,No,127,77289.0
3,S4,L2,R1,2019-01-06,0,No,127,74475.0
3,S4,L2,R1,2019-01-07,0,No,108,63960.0
3,S4,L2,R1,2019-01-08,0,No,100,61275.0
3,S4,L2,R1,2019-01-09,0,Yes,112,70179.0
3,S4,L2,R1,2019-01-10,0,Yes,108,67746.0
3,S4,L2,R1,2019-01-11,0,Yes,124,78981.0
3,S4,L2,R1,2019-01-12,0,Yes,144,91107.0
3,S4,L2,R1,2019-01-13,1,Yes,133,86551.65
3,S4,L2,R1,2019-01-14,1,No,99,75922.56
3,S4,L2,R1,2019-01-15,1,Yes,68,42776.91
3,S4,L2,R1,2019-01-16,0,Yes,142,74943.0
3,S4,L2,R1,2019-01-17,0,Yes,130,69114.0
3,S4,L2,R1,2019-01-18,0,Yes,128,68040.0
3,S4,L2,R1,2019-01-19,0,No,91,45837.0
3,S4,L2,R1,2019-01-20,0,No,111,52815.0
3,S4,L2,R1,2019-01-21,0,No,98,49095.0
3,S4,L2,R1,2019-01-22,0,No,112,54285.0
3,S4,L2,R1,2019-01-23,0,No,118,58314.0
3,S4,L2,R1,2019-01-24,0,No,126,66858.0
3,S4,L2,R1,2019-01-25,0,Yes,145,78615.0
3,S4,L2,R1,2019-01-26,1,Yes,117,53458.2
3,S4,L2,R1,2019-01-27,0,Yes,164,92880.0
3,S4,L2,R1,2019-01-28,0,Yes,138,76614.0
3,S4,L2,R1,2019-01-29,0,No,91,47421.0
3,S4,L2,R1,2019-01-30,0,No,113,56601.0
3,S4,L2,R1,2019-01-31,0,No,108,53076.0
3,S4,L2,R1,2019-02-01,0,No,117,57903.0
3,S4,L2,R1,2019-02-02,0,No,113,55827.0
3,S4,L2,R1,2019-02-03,0,No,132,66882.0
3,S4,L2,R1,2019-02-04,0,No,82,43806.0
3,S4,L2,R1,2019-02-05,0,Yes,118,60051.0
3,S4,L2,R1,2019-02-06,0,Yes,121,62391.0
3,S4,L2,R1,2019-02-07,0,Yes,130,67521.0
3,S4,L2,R1,2019-02-08,0,Yes,125,64935.0
3,S4,L2,R1,2019-02-09,0,Yes,167,93798.0
3,S4,L2,R1,2019-02-10,1,No,165,90984.06
3,S4,L2,R1,2019-02-11,0,No,105,52626.0
3,S4,L2,R1,2019-02-12,0,No,101,48705.0
3,S4,L2,R1,2019-02-13,0,No,100,49611.0
3,S4,L2,R1,2019-02-14,0,No,100,48948.0
3,S4,L2,R1,2019-02-15,0,No,109,52746.0
3,S4,L2,R1,2019-02-16,0,No,98,49929.0
3,S4,L2,R1,2019-02-17,0,Yes,107,54402.0
3,S4,L2,R1,2019-02-18,0,Yes,115,56535.0
3,S4,L2,R1,2019-02-19,1,Yes,110,54273.600000000006
3,S4,L2,R1,2019-02-20,0,Yes,109,56586.0
3,S4,L2,R1,2019-02-21,0,Yes,123,64479.0
3,S4,L2,R1,2019-02-22,0,No,82,42756.0
3,S4,L2,R1,2019-02-23,0,No,125,62634.0
3,S4,L2,R1,2019-02-24,0,No,125,60168.0
3,S4,L2,R1,2019-02-25,0,No,110,52545.0
3,S4,L2,R1,2019-02-26,0,No,103,48564.0
3,S4,L2,R1,2019-02-27,0,No,116,54840.0
3,S4,L2,R1,2019-02-28,0,No,88,42984.0
3,S4,L2,R1,2019-03-01,1,Yes,88,42984.0
3,S4,L2,R1,2019-03-02,0,Yes,146,73977.0
3,S4,L2,R1,2019-03-03,0,Yes,145,75366.0
3,S4,L2,R1,2019-03-04,1,Yes,124,75366.0
3,S4,L2,R1,2019-03-05,0,Yes,147,77202.0
3,S4,L2,R1,2019-03-06,0,No,89,45627.0
3,S4,L2,R1,2019-03-07,0,No,112,58728.0
3,S4,L2,R1,2019-03-08,0,No,108,53352.0
3,S4,L2,R1,2019-03-09,0,No,128,64428.0
3,S4,L2,R1,2019-03-10,0,No,125,60267.0
3,S4,L2,R1,2019-03-11,0,No,110,52056.0
3,S4,L2,R1,2019-03-12,0,No,80,41235.0
3,S4,L2,R1,2019-03-13,0,Yes,101,51753.0
3,S4,L2,R1,2019-03-14,0,Yes,110,55692.0
3,S4,L2,R1,2019-03-15,0,Yes,110,55941.0
3,S4,L2,R1,2019-03-16,0,Yes,134,68814.0
3,S4,L2,R1,2019-03-17,0,Yes,149,79620.0
3,S4,L2,R1,2019-03-18,0,No,87,43362.0
3,S4,L2,R1,2019-03-19,0,No,123,60567.0
3,S4,L2,R1,2019-03-20,1,No,117,57538.65
3,S4,L2,R1,2019-03-21,1,No,18,8934.119999999999
3,S4,L2,R1,2019-03-22,0,No,106,51375.0
3,S4,L2,R1,2019-03-23,0,No,141,69366.0
3,S4,L2,R1,2019-03-24,0,No,107,55554.0
3,S4,L2,R1,2019-03-25,0,Yes,101,51498.0
3,S4,L2,R1,2019-03-26,0,Yes,109,54927.0
3,S4,L2,R1,2019-03-27,0,Yes,121,63642.0
3,S4,L2,R1,2019-03-28,0,Yes,131,70611.0
3,S4,L2,R1,2019-03-29,0,Yes,151,82989.0
3,S4,L2,R1,2019-03-30,0,No,92,49563.0
3,S4,L2,R1,2019-03-31,0,No,137,72513.0
3,S4,L2,R1,2019-04-01,0,No,96,48207.0
3,S4,L2,R1,2019-04-02,0,No,103,52491.0
3,S4,L2,R1,2019-04-03,0,No,101,49506.0
3,S4,L2,R1,2019-04-04,0,No,100,47862.0
3,S4,L2,R1,2019-04-05,0,No,80,41307.0
3,S4,L2,R1,2019-04-06,1,Yes,89,39654.72
3,S4,L2,R1,2019-04-07,0,Yes,121,60111.0
3,S4,L2,R1,2019-04-08,0,Yes,115,59337.0
3,S4,L2,R1,2019-04-09,0,Yes,109,56580.0
3,S4,L2,R1,2019-04-10,0,Yes,122,63693.0
3,S4,L2,R1,2019-04-11,0,No,85,43329.0
3,S4,L2,R1,2019-04-12,0,No,107,51555.0
3,S4,L2,R1,2019-04-13,1,No,125,51555.0
3,S4,L2,R1,2019-04-14,1,No,89,43997.100000000006
3,S4,L2,R1,2019-04-15,1,No,78,44829.12
3,S4,L2,R1,2019-04-16,0,No,98,47064.0
3,S4,L2,R1,2019-04-17,1,No,97,46593.36
3,S4,L2,R1,2019-04-18,0,Yes,107,53523.0
3,S4,L2,R1,2019-04-19,1,Yes,107,53523.0
3,S4,L2,R1,2019-04-20,0,Yes,132,70506.0
3,S4,L2,R1,2019-04-21,1,Yes,133,69800.94
3,S4,L2,R1,2019-04-22,0,Yes,116,62280.0
3,S4,L2,R1,2019-04-23,0,No,85,42723.0
3,S4,L2,R1,2019-04-24,0,No,109,55539.0
3,S4,L2,R1,2019-04-25,0,No,122,61110.0
3,S4,L2,R1,2019-04-26,0,No,56,28419.0
3,S4,L2,R1,2019-04-27,0,No,186,96768.0
3,S4,L2,R1,2019-04-28,0,No,118,61542.0
3,S4,L2,R1,2019-04-29,0,No,136,69372.0
3,S4,L2,R1,2019-04-30,0,No,89,46215.0
3,S4,L2,R1,2019-05-01,0,No,284,172407.0
3,S4,L2,R1,2019-05-02,0,No,169,106422.0
3,S4,L2,R1,2019-05-03,0,Yes,214,131055.0
3,S4,L2,R1,2019-05-04,0,Yes,229,143373.0
3,S4,L2,R1,2019-05-05,0,Yes,258,167031.0
3,S4,L2,R1,2019-05-06,0,Yes,207,131277.0
3,S4,L2,R1,2019-05-07,0,Yes,219,144186.0
3,S4,L2,R1,2019-05-08,0,No,154,94626.0
3,S4,L2,R1,2019-05-09,1,No,151,92733.48
3,S4,L2,R1,2019-05-10,0,No,143,84795.0
3,S4,L2,R1,2019-05-11,0,No,174,102465.0
3,S4,L2,R1,2019-05-12,0,No,175,105003.0
3,S4,L2,R1,2019-05-13,0,No,148,86454.0
3,S4,L2,R1,2019-05-14,0,No,141,84243.0
3,S4,L2,R1,2019-05-15,0,Yes,101,61554.0
3,S4,L2,R1,2019-05-16,0,Yes,93,59814.0
3,S4,L2,R1,2019-05-17,0,Yes,158,100137.0
3,S4,L2,R1,2019-05-18,1,Yes,186,100137.0
3,S4,L2,R1,2019-05-19,0,Yes,223,141333.0
3,S4,L2,R1,2019-05-20,0,No,142,87846.0
3,S4,L2,R1,2019-05-21,0,No,159,94464.0
3,S4,L2,R1,2019-05-22,0,No,152,87942.0
3,S4,L2,R1,2019-05-23,0,No,128,76677.0
3,S4,L2,R1,2019-05-24,0,No,132,76899.0
3,S4,L2,R1,2019-05-25,0,No,159,94548.0
3,S4,L2,R1,2019-05-26,0,No,111,66036.0
3,S4,L2,R1,2019-05-27,0,Yes,121,69930.0
3,S4,L2,R1,2019-05-28,0,Yes,124,72540.0
3,S4,L2,R1,2019-05-29,0,Yes,128,76428.0
3,S4,L2,R1,2019-05-30,0,Yes,126,78135.0
3,S4,L2,R1,2019-05-31,1,Yes,122,75790.95000000001
